{
  "type": "FeatureCollection",
  "features": [
    {
      "properties": {
        "NAME_0": "Thailand",
        "NAME_1": "Saraburi",
        "ID_1": 60
      },
      "type": "Feature",
      "geometry": {
        "type": "Polygon",
        "coordinates": [
          [
            [
              101.38298797607428,
              15.036740303039494
            ],
            [
              101.38741302490263,
              15.035989761352596
            ],
            [
              101.39141845703153,
              15.036761283874512
            ],
            [
              101.39395141601562,
              15.036720275879134
            ],
            [
              101.39649200439459,
              15.03596115112299
            ],
            [
              101.40099334716791,
              15.03590106964117
            ],
            [
              101.40291595458984,
              15.037881851196289
            ],
            [
              101.40394592285162,
              15.03982162475586
            ],
            [
              101.40544891357428,
              15.041161537170467
            ],
            [
              101.40843200683588,
              15.041031837463322
            ],
            [
              101.41131591796892,
              15.040840148925781
            ],
            [
              101.4132690429688,
              15.043060302734489
            ],
            [
              101.41655731201178,
              15.040011405944881
            ],
            [
              101.416259765625,
              15.036851882934513
            ],
            [
              101.41512298583984,
              15.034449577331543
            ],
            [
              101.4155502319336,
              15.033941268920898
            ],
            [
              101.41683197021484,
              15.032421112060604
            ],
            [
              101.41726684570312,
              15.03129959106451
            ],
            [
              101.41744232177751,
              15.031110763549805
            ],
            [
              101.417709350586,
              15.030740737915153
            ],
            [
              101.41794586181669,
              15.030351638794059
            ],
            [
              101.4181518554687,
              15.029940605163631
            ],
            [
              101.41828918457043,
              15.029511451721248
            ],
            [
              101.41838073730486,
              15.029070854186955
            ],
            [
              101.41845703125006,
              15.028621673584212
            ],
            [
              101.41853332519526,
              15.028182029724235
            ],
            [
              101.41857910156267,
              15.027730941772518
            ],
            [
              101.41861724853521,
              15.027278900146712
            ],
            [
              101.4186630249024,
              15.026840209961051
            ],
            [
              101.41867828369152,
              15.026380538940657
            ],
            [
              101.41870117187528,
              15.025930404663086
            ],
            [
              101.41876983642595,
              15.025481224060172
            ],
            [
              101.4188995361331,
              15.025050163268986
            ],
            [
              101.41905975341808,
              15.02462196350109
            ],
            [
              101.41922760009771,
              15.024200439453239
            ],
            [
              101.41940307617193,
              15.023790359497127
            ],
            [
              101.41957092285162,
              15.023370742797852
            ],
            [
              101.41973114013689,
              15.02294921875
            ],
            [
              101.41987609863276,
              15.02251052856468
            ],
            [
              101.42002868652372,
              15.022081375122298
            ],
            [
              101.42016601562506,
              15.021650314331168
            ],
            [
              101.42028045654314,
              15.021219253539982
            ],
            [
              101.42035675048834,
              15.020770072937239
            ],
            [
              101.42041015625028,
              15.020330429077262
            ],
            [
              101.42047119140642,
              15.019881248474121
            ],
            [
              101.42053985595709,
              15.019430160522461
            ],
            [
              101.42061614990263,
              15.018989562988509
            ],
            [
              101.42072296142584,
              15.018549919128532
            ],
            [
              101.42085266113298,
              15.018121719360465
            ],
            [
              101.42101287841791,
              15.017690658569279
            ],
            [
              101.42118072509794,
              15.01727199554449
            ],
            [
              101.42138671875028,
              15.016871452331543
            ],
            [
              101.42164611816423,
              15.016501426696834
            ],
            [
              101.42195892334013,
              15.016161918640137
            ],
            [
              101.42227172851568,
              15.015830993652287
            ],
            [
              101.42257690429705,
              15.015488624572754
            ],
            [
              101.42288208007841,
              15.01514053344738
            ],
            [
              101.42318725585943,
              15.014801025390682
            ],
            [
              101.4235000610351,
              15.014471054077148
            ],
            [
              101.4237899780274,
              15.014122009277287
            ],
            [
              101.42407989501953,
              15.013759613037166
            ],
            [
              101.42433166503912,
              15.013389587402344
            ],
            [
              101.42459869384794,
              15.013021469116438
            ],
            [
              101.42491912841803,
              15.012690544128418
            ],
            [
              101.42527770996094,
              15.012410163879451
            ],
            [
              101.42562103271501,
              15.01210021972662
            ],
            [
              101.42587280273443,
              15.011719703674316
            ],
            [
              101.4260330200197,
              15.011300086975098
            ],
            [
              101.42611694335949,
              15.01086139678955
            ],
            [
              101.42601776123064,
              15.010420799255485
            ],
            [
              101.42571258544928,
              15.010081291198787
            ],
            [
              101.42539215087919,
              15.009779930114803
            ],
            [
              101.42510223388678,
              15.009420394897518
            ],
            [
              101.42484283447266,
              15.009041786193848
            ],
            [
              101.42465209960938,
              15.008641242981014
            ],
            [
              101.4245223999024,
              15.008200645446777
            ],
            [
              101.42447662353533,
              15.00774955749523
            ],
            [
              101.42444610595697,
              15.007301330566406
            ],
            [
              101.42443847656278,
              15.00684928894043
            ],
            [
              101.42442321777372,
              15.006390571594352
            ],
            [
              101.42439270019543,
              15.005940437317122
            ],
            [
              101.42426300048822,
              15.005511283874739
            ],
            [
              101.42404174804716,
              15.005119323730582
            ],
            [
              101.4237899780274,
              15.004740715026912
            ],
            [
              101.42350769042969,
              15.004369735717773
            ],
            [
              101.42324829101574,
              15.003999710083121
            ],
            [
              101.4229812622072,
              15.003640174865666
            ],
            [
              101.42272186279325,
              15.00325965881359
            ],
            [
              101.4225463867187,
              15.002852439880371
            ],
            [
              101.42246246337896,
              15.002400398254338
            ],
            [
              101.42243194580084,
              15.001951217651424
            ],
            [
              101.42246246337896,
              15.001511573791618
            ],
            [
              101.42250823974638,
              15.00107192993164
            ],
            [
              101.42256927490251,
              15.000611305236816
            ],
            [
              101.42265319824224,
              15.000170707702864
            ],
            [
              101.42272186279325,
              14.999719619750977
            ],
            [
              101.42280578613287,
              14.999271392822322
            ],
            [
              101.42288208007841,
              14.998820304870662
            ],
            [
              101.4229812622072,
              14.99837970733654
            ],
            [
              101.42310333251982,
              14.997952461242733
            ],
            [
              101.42321014404303,
              14.997511863708496
            ],
            [
              101.42314147949236,
              14.997069358825797
            ],
            [
              101.42286682128918,
              14.996711730957145
            ],
            [
              101.42256927490251,
              14.996370315551871
            ],
            [
              101.42236328125,
              14.995970726013127
            ],
            [
              101.42222595214844,
              14.995519638061637
            ],
            [
              101.42222595214844,
              14.995081901550407
            ],
            [
              101.4223175048831,
              14.994929313659611
            ],
            [
              101.42314147949236,
              14.994209289550838
            ],
            [
              101.42433166503912,
              14.99318790435791
            ],
            [
              101.42575073242216,
              14.989430427551213
            ],
            [
              101.42598724365234,
              14.988821029663143
            ],
            [
              101.42682647705084,
              14.987210273742676
            ],
            [
              101.42700958251959,
              14.9870414733889
            ],
            [
              101.42726898193388,
              14.986669540405273
            ],
            [
              101.42749023437528,
              14.986270904541243
            ],
            [
              101.42769622802729,
              14.985870361328239
            ],
            [
              101.42791748046892,
              14.98547077178955
            ],
            [
              101.4281311035158,
              14.985070228576717
            ],
            [
              101.42835235595709,
              14.984680175781307
            ],
            [
              101.42858123779303,
              14.984280586242619
            ],
            [
              101.42884063720697,
              14.98390960693365
            ],
            [
              101.42914581298834,
              14.983581542968864
            ],
            [
              101.4295272827149,
              14.983319282531852
            ],
            [
              101.42993164062511,
              14.983089447021598
            ],
            [
              101.43032836914091,
              14.982870101928768
            ],
            [
              101.43073272705107,
              14.982610702514648
            ],
            [
              101.43106842041027,
              14.982310295105094
            ],
            [
              101.43135833740251,
              14.98196125030529
            ],
            [
              101.43145751953136,
              14.981721878051871
            ],
            [
              101.43158721923834,
              14.981669425964583
            ],
            [
              101.43073272705107,
              14.977970123290959
            ],
            [
              101.43042755126953,
              14.976651191711369
            ],
            [
              101.43193054199236,
              14.974239349365291
            ],
            [
              101.43308258056658,
              14.971691131591797
            ],
            [
              101.43251037597673,
              14.968960762023983
            ],
            [
              101.43327331542986,
              14.967840194702205
            ],
            [
              101.4341583251956,
              14.966520309448356
            ],
            [
              101.43453216552763,
              14.966321945190487
            ],
            [
              101.4346771240235,
              14.965900421142692
            ],
            [
              101.43472290039091,
              14.96545124053955
            ],
            [
              101.43470764160185,
              14.965000152587834
            ],
            [
              101.43463897705084,
              14.964559555053768
            ],
            [
              101.43453216552763,
              14.964119911193961
            ],
            [
              101.43432617187528,
              14.963701248169002
            ],
            [
              101.43416595459013,
              14.963290214538574
            ],
            [
              101.43415069580107,
              14.962841033935604
            ],
            [
              101.43430328369146,
              14.962410926818961
            ],
            [
              101.43450164794933,
              14.962010383605957
            ],
            [
              101.4346771240235,
              14.96161079406744
            ],
            [
              101.43472290039091,
              14.960769653320312
            ],
            [
              101.43476104736328,
              14.960330009460506
            ],
            [
              101.43445587158209,
              14.959989547729549
            ],
            [
              101.43399810791016,
              14.959939956665153
            ],
            [
              101.4335327148438,
              14.959890365600529
            ],
            [
              101.43312835693365,
              14.959692001342887
            ],
            [
              101.43276214599615,
              14.959410667419434
            ],
            [
              101.43215942382818,
              14.958550453186263
            ],
            [
              101.43206787109403,
              14.958259582519531
            ],
            [
              101.43197631835943,
              14.957819938659725
            ],
            [
              101.43192291259783,
              14.95737171173107
            ],
            [
              101.43186187744169,
              14.956919670105094
            ],
            [
              101.43183898925793,
              14.95647144317627
            ],
            [
              101.43186187744169,
              14.956020355224723
            ],
            [
              101.43190002441406,
              14.95557975769043
            ],
            [
              101.43197631835943,
              14.955130577087516
            ],
            [
              101.43210601806658,
              14.954700469970646
            ],
            [
              101.43231201171892,
              14.954301834106445
            ],
            [
              101.4325790405274,
              14.953921318054142
            ],
            [
              101.432861328125,
              14.953570365905762
            ],
            [
              101.43312072753912,
              14.9531888961792
            ],
            [
              101.43331909179693,
              14.952790260314941
            ],
            [
              101.43347930908203,
              14.952360153198299
            ],
            [
              101.43350982666021,
              14.952249526977596
            ],
            [
              101.43354797363293,
              14.952091217041016
            ],
            [
              101.43358612060575,
              14.951850891113509
            ],
            [
              101.43390655517584,
              14.950131416320914
            ],
            [
              101.434066772461,
              14.949000358581543
            ],
            [
              101.43424987792974,
              14.947811126709098
            ],
            [
              101.43524932861334,
              14.944330215454215
            ],
            [
              101.43756866455107,
              14.942880630493164
            ],
            [
              101.43752288818365,
              14.941181182861328
            ],
            [
              101.43762969970703,
              14.940732002258358
            ],
            [
              101.4376525878908,
              14.940279960632552
            ],
            [
              101.43769836425787,
              14.939840316772575
            ],
            [
              101.43773651123053,
              14.939389228820858
            ],
            [
              101.43778228759794,
              14.938940048217773
            ],
            [
              101.43784332275408,
              14.938490867614803
            ],
            [
              101.43804168701189,
              14.937532424926758
            ],
            [
              101.43969726562528,
              14.935780525207576
            ],
            [
              101.43975830078142,
              14.934940338134822
            ],
            [
              101.43991088867188,
              14.933110237121639
            ],
            [
              101.44040679931646,
              14.932180404663143
            ],
            [
              101.44104766845697,
              14.930991172790527
            ],
            [
              101.4408569335937,
              14.929950714111328
            ],
            [
              101.44053649902344,
              14.928251266479492
            ],
            [
              101.44169616699224,
              14.92604923248291
            ],
            [
              101.44404602050793,
              14.924361228943098
            ],
            [
              101.44603729248064,
              14.922669410705623
            ],
            [
              101.44596862792997,
              14.921730041503963
            ],
            [
              101.44577789306669,
              14.91946029663086
            ],
            [
              101.44618225097685,
              14.918489456176815
            ],
            [
              101.4464721679688,
              14.91775131225586
            ],
            [
              101.44664764404303,
              14.917490959167424
            ],
            [
              101.44690704345714,
              14.917131423950195
            ],
            [
              101.44719696044939,
              14.916760444641056
            ],
            [
              101.44738006591814,
              14.916549682617244
            ],
            [
              101.44748687744169,
              14.916411399841422
            ],
            [
              101.44779968261724,
              14.916080474853743
            ],
            [
              101.44808959960966,
              14.915740966796875
            ],
            [
              101.44832611084001,
              14.915340423584041
            ],
            [
              101.44850921630876,
              14.914929389953613
            ],
            [
              101.44864654541044,
              14.914501190185547
            ],
            [
              101.44880676269543,
              14.914070129394588
            ],
            [
              101.44898223876959,
              14.913660049438477
            ],
            [
              101.44921875000028,
              14.913251876831112
            ],
            [
              101.44947814941423,
              14.912900924682674
            ],
            [
              101.44976806640636,
              14.912541389465446
            ],
            [
              101.4498901367188,
              14.912369728088436
            ],
            [
              101.45002746582031,
              14.91216945648199
            ],
            [
              101.45028686523443,
              14.91179084777832
            ],
            [
              101.45053863525419,
              14.911419868469181
            ],
            [
              101.45075225830107,
              14.911000251770133
            ],
            [
              101.45079803466814,
              14.91055965423584
            ],
            [
              101.4507827758789,
              14.910111427307186
            ],
            [
              101.45069122314459,
              14.909670829772892
            ],
            [
              101.45056152343778,
              14.90922927856451
            ],
            [
              101.4503707885745,
              14.908819198608398
            ],
            [
              101.45008087158209,
              14.908470153808594
            ],
            [
              101.44972991943365,
              14.908171653747615
            ],
            [
              101.4493865966798,
              14.907879829406795
            ],
            [
              101.44912719726568,
              14.907499313354492
            ],
            [
              101.44901275634794,
              14.907071113586426
            ],
            [
              101.44898986816412,
              14.90663146972662
            ],
            [
              101.44906616210938,
              14.906180381774902
            ],
            [
              101.44927978515642,
              14.905770301818961
            ],
            [
              101.44953918457037,
              14.905411720275822
            ],
            [
              101.44976806640636,
              14.905019760131836
            ],
            [
              101.44989776611334,
              14.904582023620605
            ],
            [
              101.44999694824247,
              14.904140472412223
            ],
            [
              101.45005798339861,
              14.903691291809139
            ],
            [
              101.45008850097662,
              14.903240203857422
            ],
            [
              101.45011901855474,
              14.902791023254508
            ],
            [
              101.45008850097662,
              14.902330398559627
            ],
            [
              101.44999694824247,
              14.901910781860408
            ],
            [
              101.449935913086,
              14.901451110839844
            ],
            [
              101.44995117187511,
              14.90100193023693
            ],
            [
              101.44998168945341,
              14.900552749633789
            ],
            [
              101.45005035400408,
              14.900100708007812
            ],
            [
              101.45012664794928,
              14.899662017822322
            ],
            [
              101.45024871826189,
              14.899218559265137
            ],
            [
              101.45038604736322,
              14.898799896240348
            ],
            [
              101.45056915283232,
              14.898381233215389
            ],
            [
              101.45079803466814,
              14.897981643676871
            ],
            [
              101.4510269165039,
              14.897589683532715
            ],
            [
              101.45121765136719,
              14.897179603576774
            ],
            [
              101.45134735107416,
              14.896741867065543
            ],
            [
              101.45140075683611,
              14.896540641784668
            ],
            [
              101.45143890380865,
              14.89630031585699
            ],
            [
              101.45155334472656,
              14.895859718322868
            ],
            [
              101.45166778564464,
              14.895430564880485
            ],
            [
              101.45178985595703,
              14.894991874694824
            ],
            [
              101.45189666748075,
              14.894560813903809
            ],
            [
              101.4520111083985,
              14.894121170044002
            ],
            [
              101.45211791992188,
              14.893680572509766
            ],
            [
              101.4522094726563,
              14.89324092864996
            ],
            [
              101.45226287841825,
              14.892789840698242
            ],
            [
              101.45224761962902,
              14.892340660095272
            ],
            [
              101.4522094726563,
              14.891889572143612
            ],
            [
              101.4521713256836,
              14.891441345214957
            ],
            [
              101.45220184326178,
              14.89098930358898
            ],
            [
              101.45224761962902,
              14.890549659728947
            ],
            [
              101.45233154296892,
              14.890090942382926
            ],
            [
              101.45242309570318,
              14.889649391174316
            ],
            [
              101.4525985717774,
              14.889200210571403
            ],
            [
              101.45272827148455,
              14.88818168640131
            ],
            [
              101.45278930664068,
              14.885410308838004
            ],
            [
              101.45355987548834,
              14.883001327514762
            ],
            [
              101.45365142822266,
              14.882729530334416
            ],
            [
              101.45368957519548,
              14.882611274719352
            ],
            [
              101.4543075561524,
              14.880681037902946
            ],
            [
              101.45468139648443,
              14.87975120544445
            ],
            [
              101.45481109619158,
              14.879320144653263
            ],
            [
              101.45493316650419,
              14.878900527954215
            ],
            [
              101.45501708984392,
              14.878439903259391
            ],
            [
              101.45501708984392,
              14.878300666809082
            ],
            [
              101.4547729492187,
              14.876119613647575
            ],
            [
              101.45529937744152,
              14.87516975402832
            ],
            [
              101.45495605468778,
              14.873929977416992
            ],
            [
              101.45336914062506,
              14.873880386352766
            ],
            [
              101.45324707031244,
              14.873770713806152
            ],
            [
              101.45240783691412,
              14.873029708862532
            ],
            [
              101.45233154296892,
              14.872801780700684
            ],
            [
              101.4529113769533,
              14.871360778808821
            ],
            [
              101.45384979248064,
              14.869941711425781
            ],
            [
              101.45388031005876,
              14.8697319030764
            ],
            [
              101.4541473388673,
              14.867931365966797
            ],
            [
              101.45413970947271,
              14.867310523986816
            ],
            [
              101.45392608642584,
              14.866901397705135
            ],
            [
              101.45369720458984,
              14.866481781005916
            ],
            [
              101.45347595214861,
              14.86575889587408
            ],
            [
              101.45368957519548,
              14.865141868591309
            ],
            [
              101.4541778564456,
              14.864860534668026
            ],
            [
              101.45455932617216,
              14.86465167999279
            ],
            [
              101.45471191406256,
              14.864509582519588
            ],
            [
              101.45504760742193,
              14.864230155944938
            ],
            [
              101.45551300048857,
              14.864111900329647
            ],
            [
              101.45568847656278,
              14.863349914551009
            ],
            [
              101.45481109619158,
              14.86046028137207
            ],
            [
              101.4540786743164,
              14.859601020812988
            ],
            [
              101.45394897460943,
              14.859430313110465
            ],
            [
              101.45343780517572,
              14.857842445373763
            ],
            [
              101.45337677001959,
              14.857670783996582
            ],
            [
              101.45314788818365,
              14.85734939575201
            ],
            [
              101.45272827148455,
              14.857121467590332
            ],
            [
              101.45018768310575,
              14.85597038269043
            ],
            [
              101.4493865966798,
              14.855609893798885
            ],
            [
              101.4476165771485,
              14.854750633239803
            ],
            [
              101.44731140136747,
              14.854689598083496
            ],
            [
              101.44684600830084,
              14.854610443115234
            ],
            [
              101.44638824462885,
              14.854530334472656
            ],
            [
              101.44593811035162,
              14.854461669921818
            ],
            [
              101.44547271728533,
              14.854391098022575
            ],
            [
              101.4450225830081,
              14.854299545288086
            ],
            [
              101.44457244873053,
              14.854200363159293
            ],
            [
              101.44415283203142,
              14.85405063629156
            ],
            [
              101.44371032714838,
              14.85387134552002
            ],
            [
              101.44326782226568,
              14.853730201721135
            ],
            [
              101.44284820556646,
              14.853531837463322
            ],
            [
              101.44242858886736,
              14.853351593017635
            ],
            [
              101.44198608398466,
              14.853200912475643
            ],
            [
              101.44167327880876,
              14.853151321411246
            ],
            [
              101.44077301025396,
              14.852720260620117
            ],
            [
              101.4390258789063,
              14.851660728454647
            ],
            [
              101.43814086914091,
              14.851129531860352
            ],
            [
              101.43714141845709,
              14.850609779357967
            ],
            [
              101.4359207153322,
              14.849969863891602
            ],
            [
              101.43450927734386,
              14.849240303039494
            ],
            [
              101.43414306640653,
              14.849041938781852
            ],
            [
              101.43003082275408,
              14.847931861877498
            ],
            [
              101.4298706054688,
              14.847831726074219
            ],
            [
              101.42951202392584,
              14.847551345825252
            ],
            [
              101.42917633056669,
              14.84722995758068
            ],
            [
              101.42887115478533,
              14.846901893615723
            ],
            [
              101.42858123779303,
              14.846538543701286
            ],
            [
              101.4282608032226,
              14.846211433410645
            ],
            [
              101.42803955078153,
              14.846039772033748
            ],
            [
              101.42675018310547,
              14.844451904296932
            ],
            [
              101.42642974853521,
              14.844040870666504
            ],
            [
              101.42327880859403,
              14.842810630798283
            ],
            [
              101.41976928710943,
              14.843210220337028
            ],
            [
              101.41718292236357,
              14.84324169158947
            ],
            [
              101.41710662841803,
              14.843171119689998
            ],
            [
              101.41574096679688,
              14.841869354248104
            ],
            [
              101.41438293457048,
              14.840570449829215
            ],
            [
              101.41419982910173,
              14.840300559997672
            ],
            [
              101.4128723144533,
              14.838430404663086
            ],
            [
              101.41226196289062,
              14.837491035461426
            ],
            [
              101.41174316406256,
              14.836690902709904
            ],
            [
              101.41163635253935,
              14.83657264709484
            ],
            [
              101.41131591796892,
              14.836251258850098
            ],
            [
              101.41098785400396,
              14.835931777954329
            ],
            [
              101.41037750244158,
              14.835339546203613
            ],
            [
              101.41008758544933,
              14.834991455078239
            ],
            [
              101.40979003906267,
              14.834609985351676
            ],
            [
              101.40957641601557,
              14.834250450134277
            ],
            [
              101.4094009399414,
              14.833830833435172
            ],
            [
              101.40924072265642,
              14.833399772644043
            ],
            [
              101.40904235839861,
              14.833061218261832
            ],
            [
              101.40821075439482,
              14.83113002777111
            ],
            [
              101.40717315673834,
              14.828801155090446
            ],
            [
              101.40685272216808,
              14.828071594238338
            ],
            [
              101.40447998046892,
              14.82532978057867
            ],
            [
              101.4041366577149,
              14.824919700622559
            ],
            [
              101.4036102294923,
              14.824311256408805
            ],
            [
              101.40352630615251,
              14.824211120605469
            ],
            [
              101.40335845947271,
              14.824030876159611
            ],
            [
              101.40286254882841,
              14.823529243469238
            ],
            [
              101.4013061523438,
              14.821949958801383
            ],
            [
              101.40067291259766,
              14.821311950683594
            ],
            [
              101.39765167236334,
              14.81742095947277
            ],
            [
              101.39726257324224,
              14.817070007324332
            ],
            [
              101.3971481323245,
              14.816961288452205
            ],
            [
              101.39488220214838,
              14.81527042388916
            ],
            [
              101.39420318603521,
              14.81478023529047
            ],
            [
              101.3891067504884,
              14.811181068420524
            ],
            [
              101.38371276855474,
              14.807830810546932
            ],
            [
              101.3826904296875,
              14.80735015869135
            ],
            [
              101.38236236572266,
              14.80718994140625
            ],
            [
              101.38015747070341,
              14.806151390075797
            ],
            [
              101.37905120849604,
              14.805620193481502
            ],
            [
              101.37889099121111,
              14.805550575256404
            ],
            [
              101.37861633300793,
              14.805451393127555
            ],
            [
              101.37818908691412,
              14.805289268493652
            ],
            [
              101.37776184082048,
              14.805131912231445
            ],
            [
              101.37734222412104,
              14.804972648620605
            ],
            [
              101.3768920898438,
              14.804810523987044
            ],
            [
              101.37647247314459,
              14.804651260376204
            ],
            [
              101.37387084960966,
              14.803701400756836
            ],
            [
              101.37370300292997,
              14.803631782531852
            ],
            [
              101.37344360351568,
              14.803615570068473
            ],
            [
              101.37300109863298,
              14.803420066833553
            ],
            [
              101.37254333496122,
              14.803340911865291
            ],
            [
              101.37207794189459,
              14.803239822387695
            ],
            [
              101.37162780761719,
              14.803149223327864
            ],
            [
              101.37120056152372,
              14.80299186706543
            ],
            [
              101.3707962036134,
              14.802770614624023
            ],
            [
              101.37040710449224,
              14.802521705627669
            ],
            [
              101.37001800537115,
              14.802271842956486
            ],
            [
              101.36965179443371,
              14.802021026611555
            ],
            [
              101.36921691894537,
              14.801830291748274
            ],
            [
              101.36881256103533,
              14.801610946655273
            ],
            [
              101.36837768554682,
              14.801450729370117
            ],
            [
              101.36795806884794,
              14.801280021667594
            ],
            [
              101.36753082275396,
              14.80109119415306
            ],
            [
              101.3670959472658,
              14.800910949707031
            ],
            [
              101.3666763305664,
              14.80072021484375
            ],
            [
              101.36625671386747,
              14.800541877746639
            ],
            [
              101.36583709716808,
              14.800340652465763
            ],
            [
              101.3654174804688,
              14.800149917602482
            ],
            [
              101.36499023437517,
              14.799969673156795
            ],
            [
              101.3645629882812,
              14.799821853637695
            ],
            [
              101.36412811279308,
              14.799651145935172
            ],
            [
              101.36370086669928,
              14.799490928650016
            ],
            [
              101.36326599121111,
              14.799310684204329
            ],
            [
              101.36284637451166,
              14.799121856689453
            ],
            [
              101.36242675781278,
              14.79893970489502
            ],
            [
              101.3619995117188,
              14.798750877380314
            ],
            [
              101.361572265625,
              14.798569679260368
            ],
            [
              101.36113739013672,
              14.79840183258068
            ],
            [
              101.36038970947283,
              14.7980117797851
            ],
            [
              101.35999298095703,
              14.797769546508846
            ],
            [
              101.35958862304716,
              14.797539710998592
            ],
            [
              101.35917663574247,
              14.797330856323299
            ],
            [
              101.35875701904303,
              14.797150611877441
            ],
            [
              101.3583374023438,
              14.796950340271223
            ],
            [
              101.3579406738283,
              14.796730995178223
            ],
            [
              101.35753631591814,
              14.796519279480094
            ],
            [
              101.3571166992187,
              14.796299934387264
            ],
            [
              101.35671234130888,
              14.796099662780819
            ],
            [
              101.35630035400402,
              14.795881271362305
            ],
            [
              101.35588836669928,
              14.795660018921012
            ],
            [
              101.35550689697271,
              14.795399665832576
            ],
            [
              101.35511016845709,
              14.795181274414062
            ],
            [
              101.35472869873053,
              14.794921875000114
            ],
            [
              101.35433959960943,
              14.794691085815543
            ],
            [
              101.35392761230486,
              14.79446983337408
            ],
            [
              101.35353088378923,
              14.794239997863826
            ],
            [
              101.35311889648432,
              14.794041633606184
            ],
            [
              101.35269165039091,
              14.793849945068416
            ],
            [
              101.35230255126964,
              14.793610572815055
            ],
            [
              101.35192871093778,
              14.793331146240178
            ],
            [
              101.35157012939482,
              14.793059349060059
            ],
            [
              101.3512115478515,
              14.792770385742415
            ],
            [
              101.35089874267584,
              14.79242992401123
            ],
            [
              101.35066986084001,
              14.792040824890137
            ],
            [
              101.35050964355469,
              14.791621208190918
            ],
            [
              101.35035705566412,
              14.791199684143066
            ],
            [
              101.3502578735351,
              14.790751457214583
            ],
            [
              101.35016632080084,
              14.790310859680119
            ],
            [
              101.35005950927729,
              14.789871215820312
            ],
            [
              101.34992980957048,
              14.789440155029524
            ],
            [
              101.34976959228521,
              14.789020538330078
            ],
            [
              101.3495712280274,
              14.788611412048454
            ],
            [
              101.34937286376959,
              14.788200378418196
            ],
            [
              101.3491821289063,
              14.787790298461914
            ],
            [
              101.34893035888672,
              14.787411689758414
            ],
            [
              101.34863281250006,
              14.787060737609806
            ],
            [
              101.34829711914074,
              14.786739349365291
            ],
            [
              101.34793090820341,
              14.786481857299918
            ],
            [
              101.34752655029308,
              14.786252021789664
            ],
            [
              101.3471298217774,
              14.786027908325309
            ],
            [
              101.34673309326178,
              14.785799980163631
            ],
            [
              101.34630584716814,
              14.785611152648926
            ],
            [
              101.34588623046875,
              14.785451889038143
            ],
            [
              101.34568023681635,
              14.785399436950627
            ],
            [
              101.34542846679699,
              14.785328865051383
            ],
            [
              101.34497070312517,
              14.785281181335563
            ],
            [
              101.34449768066435,
              14.785260200500716
            ],
            [
              101.34403991699224,
              14.785250663757438
            ],
            [
              101.34358215332026,
              14.78528976440441
            ],
            [
              101.34310913085943,
              14.785371780395565
            ],
            [
              101.3426589965822,
              14.78538990020752
            ],
            [
              101.34220123291044,
              14.785381317138672
            ],
            [
              101.34172821044939,
              14.785381317138672
            ],
            [
              101.34127044677763,
              14.78538990020752
            ],
            [
              101.34081268310553,
              14.785361289978141
            ],
            [
              101.34033966064447,
              14.785320281982365
            ],
            [
              101.33988952636724,
              14.785250663757438
            ],
            [
              101.33943176269548,
              14.78517055511486
            ],
            [
              101.33898925781278,
              14.785020828247127
            ],
            [
              101.33860778808622,
              14.784770011901855
            ],
            [
              101.3383178710938,
              14.784431457519645
            ],
            [
              101.33808898925798,
              14.784031867980957
            ],
            [
              101.3378982543947,
              14.78362178802496
            ],
            [
              101.33763885498075,
              14.78324985504156
            ],
            [
              101.33740234375006,
              14.782859802246321
            ],
            [
              101.33718872070318,
              14.782459259033146
            ],
            [
              101.33701324462896,
              14.782051086425781
            ],
            [
              101.33683776855474,
              14.781620979309139
            ],
            [
              101.33672332763672,
              14.781201362609863
            ],
            [
              101.33663940429693,
              14.780740737915039
            ],
            [
              101.33658599853516,
              14.780289649963322
            ],
            [
              101.33666992187528,
              14.779861450195426
            ],
            [
              101.33696746826172,
              14.779520988464412
            ],
            [
              101.33727264404325,
              14.779170036316032
            ],
            [
              101.33743286132841,
              14.77875995635992
            ],
            [
              101.33750152587908,
              14.778310775756779
            ],
            [
              101.33759307861334,
              14.777869224548567
            ],
            [
              101.33769989013689,
              14.777430534362907
            ],
            [
              101.33782958984403,
              14.777001380920524
            ],
            [
              101.33796691894537,
              14.776570320129338
            ],
            [
              101.33812713623053,
              14.77615070343029
            ],
            [
              101.33833312988287,
              14.775739669799862
            ],
            [
              101.33853149414068,
              14.77532958984375
            ],
            [
              101.33869934082037,
              14.774920463562239
            ],
            [
              101.33893585205084,
              14.774530410766658
            ],
            [
              101.33918762207026,
              14.774128913879395
            ],
            [
              101.33941650390642,
              14.773759841919002
            ],
            [
              101.33963775634766,
              14.773351669311467
            ],
            [
              101.33982086181658,
              14.772941589355696
            ],
            [
              101.3399200439456,
              14.77250194549572
            ],
            [
              101.33998107910173,
              14.772049903869743
            ],
            [
              101.3399963378908,
              14.771600723266602
            ],
            [
              101.34001159667986,
              14.771149635314885
            ],
            [
              101.33988952636724,
              14.770718574523926
            ],
            [
              101.33969116210943,
              14.770311355591048
            ],
            [
              101.33937835693354,
              14.76997184753418
            ],
            [
              101.33924865722673,
              14.76986026763916
            ],
            [
              101.33872222900396,
              14.769499778747615
            ],
            [
              101.33750152587908,
              14.768691062927303
            ],
            [
              101.33705139160185,
              14.767869949340934
            ],
            [
              101.33683776855474,
              14.76752185821556
            ],
            [
              101.33670043945341,
              14.765500068664664
            ],
            [
              101.33618164062517,
              14.763770103454647
            ],
            [
              101.33493804931652,
              14.7630996704101
            ],
            [
              101.33293151855486,
              14.761989593505916
            ],
            [
              101.33280181884771,
              14.761859893798771
            ],
            [
              101.33200073242205,
              14.760901451111067
            ],
            [
              101.33116149902372,
              14.759908676147518
            ],
            [
              101.32968139648455,
              14.758560180664062
            ],
            [
              101.3278198242188,
              14.757471084594727
            ],
            [
              101.32621002197294,
              14.757122039794922
            ],
            [
              101.32508087158197,
              14.757361412048283
            ],
            [
              101.32418060302751,
              14.757822036743107
            ],
            [
              101.3230285644533,
              14.758441925048771
            ],
            [
              101.32170104980486,
              14.75852108001709
            ],
            [
              101.32154846191412,
              14.758530616760368
            ],
            [
              101.3196411132813,
              14.757361412048283
            ],
            [
              101.31912231445341,
              14.7573499679566
            ],
            [
              101.31886291503912,
              14.757370948791618
            ],
            [
              101.31865692138672,
              14.757379531860465
            ],
            [
              101.3181915283206,
              14.757399559020996
            ],
            [
              101.31774139404303,
              14.757499694824276
            ],
            [
              101.3172912597658,
              14.757618904113826
            ],
            [
              101.31684112548857,
              14.757741928100586
            ],
            [
              101.31649017333979,
              14.757809638977108
            ],
            [
              101.31447601318365,
              14.757102012634334
            ],
            [
              101.31395721435558,
              14.756980895996207
            ],
            [
              101.31188201904325,
              14.756500244140625
            ],
            [
              101.31157684326189,
              14.756510734558049
            ],
            [
              101.31111907959013,
              14.756590843200627
            ],
            [
              101.31069183349615,
              14.756720542907772
            ],
            [
              101.31022644042986,
              14.75685977935791
            ],
            [
              101.30980682373075,
              14.757040023803768
            ],
            [
              101.30938720703136,
              14.757189750671444
            ],
            [
              101.30834197998064,
              14.755690574645996
            ],
            [
              101.30795288085955,
              14.755121231079215
            ],
            [
              101.30712127685575,
              14.7546005249024
            ],
            [
              101.30591583251959,
              14.753840446472111
            ],
            [
              101.30577087402372,
              14.75362968444847
            ],
            [
              101.30557250976574,
              14.753219604492188
            ],
            [
              101.30541229248075,
              14.752788543701229
            ],
            [
              101.30531311035162,
              14.752371788025016
            ],
            [
              101.30522155761747,
              14.751910209655875
            ],
            [
              101.30504608154291,
              14.75150203704834
            ],
            [
              101.30484771728544,
              14.751100540161246
            ],
            [
              101.30457305908209,
              14.750731468200684
            ],
            [
              101.30430603027344,
              14.750359535217228
            ],
            [
              101.30407714843778,
              14.749970436096135
            ],
            [
              101.3040161132813,
              14.749521255493391
            ],
            [
              101.30399322509771,
              14.749070167541504
            ],
            [
              101.3040161132813,
              14.74862098693859
            ],
            [
              101.30406951904325,
              14.74817180633545
            ],
            [
              101.30413055419939,
              14.747720718383789
            ],
            [
              101.30419158935553,
              14.747281074523983
            ],
            [
              101.304252624512,
              14.746820449829102
            ],
            [
              101.30430603027344,
              14.746380805969295
            ],
            [
              101.30444335937528,
              14.745961189270076
            ],
            [
              101.30446624755888,
              14.745491981506575
            ],
            [
              101.3044815063476,
              14.745039939880428
            ],
            [
              101.30451965332048,
              14.744601249694881
            ],
            [
              101.30465698242216,
              14.744160652160588
            ],
            [
              101.30486297607416,
              14.743749618530387
            ],
            [
              101.30509185791033,
              14.743371963500977
            ],
            [
              101.30533599853521,
              14.74299144744873
            ],
            [
              101.30548095703142,
              14.742561340332031
            ],
            [
              101.30555725097662,
              14.742109298706055
            ],
            [
              101.30558013916044,
              14.741669654846248
            ],
            [
              101.30548858642595,
              14.741221427917594
            ],
            [
              101.30533599853521,
              14.740800857544059
            ],
            [
              101.30519104003918,
              14.740372657775936
            ],
            [
              101.30502319335966,
              14.739951133728141
            ],
            [
              101.30483245849638,
              14.739541053771973
            ],
            [
              101.30457305908209,
              14.73915958404541
            ],
            [
              101.304252624512,
              14.738829612732047
            ],
            [
              101.30385589599621,
              14.738590240478459
            ],
            [
              101.303451538086,
              14.73838996887207
            ],
            [
              101.30307769775396,
              14.738129615783805
            ],
            [
              101.30274200439482,
              14.737811088561955
            ],
            [
              101.30242156982439,
              14.73748970031744
            ],
            [
              101.3020858764649,
              14.73717117309593
            ],
            [
              101.30177307128935,
              14.736850738525504
            ],
            [
              101.3014907836914,
              14.736479759216536
            ],
            [
              101.30119323730497,
              14.736151695251579
            ],
            [
              101.30084991455072,
              14.735830307006836
            ],
            [
              101.30046081542997,
              14.735611915588493
            ],
            [
              101.30002593994146,
              14.735420227050895
            ],
            [
              101.29959869384771,
              14.735252380371037
            ],
            [
              101.29915618896484,
              14.735121726989803
            ],
            [
              101.29869842529308,
              14.735039710998649
            ],
            [
              101.29824829101562,
              14.734930038452376
            ],
            [
              101.29779052734403,
              14.734859466552791
            ],
            [
              101.29733276367193,
              14.734780311584473
            ],
            [
              101.2968826293947,
              14.73466968536377
            ],
            [
              101.296440124512,
              14.734539985656795
            ],
            [
              101.29599761962896,
              14.73439025878912
            ],
            [
              101.29554748535173,
              14.734271049499569
            ],
            [
              101.2950973510745,
              14.734180450439567
            ],
            [
              101.2946395874024,
              14.734129905700684
            ],
            [
              101.29418182373041,
              14.734121322631836
            ],
            [
              101.29373168945318,
              14.734230041503963
            ],
            [
              101.29332733154303,
              14.73447036743164
            ],
            [
              101.29309082031267,
              14.734649658203239
            ],
            [
              101.29296875000006,
              14.734751701354924
            ],
            [
              101.29264068603544,
              14.73505973815918
            ],
            [
              101.29236602783209,
              14.735289573669434
            ],
            [
              101.29096221923845,
              14.736861228943098
            ],
            [
              101.28967285156256,
              14.73982143402094
            ],
            [
              101.28865051269526,
              14.742130279541243
            ],
            [
              101.28806304931669,
              14.74292087554926
            ],
            [
              101.28749847412104,
              14.743499755859375
            ],
            [
              101.2871932983399,
              14.743671417236385
            ],
            [
              101.28675842285156,
              14.743850708007756
            ],
            [
              101.28631591796903,
              14.744001388549805
            ],
            [
              101.2860183715822,
              14.744071960449219
            ],
            [
              101.28510284423834,
              14.744050979614371
            ],
            [
              101.28495025634771,
              14.744039535522461
            ],
            [
              101.28431701660173,
              14.743570327758789
            ],
            [
              101.28392028808611,
              14.742781639099348
            ],
            [
              101.28454589843756,
              14.740148544311637
            ],
            [
              101.2845916748048,
              14.739700317382812
            ],
            [
              101.2845306396485,
              14.739239692687988
            ],
            [
              101.28440856933622,
              14.738800048828352
            ],
            [
              101.28439331054699,
              14.738360404968375
            ],
            [
              101.28449249267595,
              14.737919807434082
            ],
            [
              101.28456878662115,
              14.737470626831168
            ],
            [
              101.2845916748048,
              14.737019538879451
            ],
            [
              101.28453826904303,
              14.736571311950627
            ],
            [
              101.28449249267595,
              14.736120223999137
            ],
            [
              101.28446197509766,
              14.735671043395996
            ],
            [
              101.28443145751982,
              14.735221862793082
            ],
            [
              101.28443145751982,
              14.734767913818473
            ],
            [
              101.28446197509766,
              14.734331130981559
            ],
            [
              101.28446960449219,
              14.7338609695434
            ],
            [
              101.28443145751982,
              14.733421325683594
            ],
            [
              101.28443145751982,
              14.732970237731934
            ],
            [
              101.28446960449219,
              14.732521057128963
            ],
            [
              101.28446960449219,
              14.732069969177303
            ],
            [
              101.28443145751982,
              14.731361389160384
            ],
            [
              101.28440093994152,
              14.73090076446556
            ],
            [
              101.28433227539068,
              14.730451583862248
            ],
            [
              101.2842788696289,
              14.730011940002441
            ],
            [
              101.28439331054699,
              14.729570388794059
            ],
            [
              101.28454589843756,
              14.729147911071777
            ],
            [
              101.28466796875017,
              14.728721618652457
            ],
            [
              101.2847518920899,
              14.72827053070074
            ],
            [
              101.28472137451178,
              14.727822303772086
            ],
            [
              101.2846221923831,
              14.727391242980957
            ],
            [
              101.28446960449219,
              14.726960182189941
            ],
            [
              101.28430175781267,
              14.726552009582633
            ],
            [
              101.2840805053711,
              14.726141929626465
            ],
            [
              101.28380584716803,
              14.725769996643066
            ],
            [
              101.28353118896501,
              14.725431442260856
            ],
            [
              101.28322601318365,
              14.72507095336914
            ],
            [
              101.28288269042997,
              14.72478103637718
            ],
            [
              101.28247833251959,
              14.724559783935604
            ],
            [
              101.28205871582037,
              14.724370956420898
            ],
            [
              101.28160858154297,
              14.724280357361067
            ],
            [
              101.28114318847662,
              14.724321365356502
            ],
            [
              101.28069305419939,
              14.724360466003475
            ],
            [
              101.2802276611331,
              14.72443008422863
            ],
            [
              101.27976226806646,
              14.724451065063477
            ],
            [
              101.27928924560575,
              14.724451065063477
            ],
            [
              101.27883911132818,
              14.72443008422863
            ],
            [
              101.27745819091797,
              14.724300384521428
            ],
            [
              101.27545928955107,
              14.724370956420898
            ],
            [
              101.27523803710949,
              14.724479675293026
            ],
            [
              101.27481842041021,
              14.724690437316838
            ],
            [
              101.27439880371111,
              14.724861145019588
            ],
            [
              101.27400970459001,
              14.724949836730957
            ],
            [
              101.27262878417963,
              14.725551605224666
            ],
            [
              101.2717895507813,
              14.725961685180607
            ],
            [
              101.27079772949224,
              14.726451873779297
            ],
            [
              101.27043914794928,
              14.726619720458984
            ],
            [
              101.2680206298831,
              14.727650642395076
            ],
            [
              101.26664733886724,
              14.72927093505865
            ],
            [
              101.26374816894537,
              14.730510711669979
            ],
            [
              101.26348114013672,
              14.730461120605582
            ],
            [
              101.26303863525402,
              14.730259895324707
            ],
            [
              101.26267242431669,
              14.729999542236442
            ],
            [
              101.26232147216791,
              14.729710578918457
            ],
            [
              101.2619705200197,
              14.729431152343807
            ],
            [
              101.26158905029314,
              14.729170799255371
            ],
            [
              101.261459350586,
              14.72911167144781
            ],
            [
              101.25856018066423,
              14.729200363159237
            ],
            [
              101.25714874267607,
              14.729851722717513
            ],
            [
              101.25673675537121,
              14.730100631713867
            ],
            [
              101.2563095092774,
              14.73023986816412
            ],
            [
              101.25585174560547,
              14.730280876159895
            ],
            [
              101.25537872314459,
              14.730300903320256
            ],
            [
              101.2531204223634,
              14.73064136505127
            ],
            [
              101.25270080566412,
              14.730840682983398
            ],
            [
              101.25228118896484,
              14.731072425842399
            ],
            [
              101.25189208984392,
              14.7313108444215
            ],
            [
              101.25154113769537,
              14.731599807739485
            ],
            [
              101.25115203857428,
              14.731842041015625
            ],
            [
              101.2507400512697,
              14.732040405273438
            ],
            [
              101.25028228759794,
              14.732160568237248
            ],
            [
              101.25016021728533,
              14.732160568237248
            ],
            [
              101.24909973144537,
              14.731638908386287
            ],
            [
              101.24877166748075,
              14.731320381164664
            ],
            [
              101.2484130859375,
              14.731041908264274
            ],
            [
              101.24803924560547,
              14.73076152801508
            ],
            [
              101.24781036376982,
              14.730661392211971
            ],
            [
              101.247611999512,
              14.730590820312727
            ],
            [
              101.24716949462896,
              14.730569839477539
            ],
            [
              101.24672698974626,
              14.730699539184684
            ],
            [
              101.24633789062517,
              14.730951309204102
            ],
            [
              101.24592590332026,
              14.731181144714355
            ],
            [
              101.24552154541044,
              14.731399536132926
            ],
            [
              101.24513244628935,
              14.731620788574332
            ],
            [
              101.24472045898449,
              14.731842041015625
            ],
            [
              101.24433135986334,
              14.732081413268986
            ],
            [
              101.24391937255865,
              14.73229122161888
            ],
            [
              101.24349212646501,
              14.732461929321289
            ],
            [
              101.24304199218778,
              14.732570648193416
            ],
            [
              101.24257659912115,
              14.73262977600092
            ],
            [
              101.24212646484375,
              14.732529640197981
            ],
            [
              101.24172210693354,
              14.732320785522575
            ],
            [
              101.2413558959961,
              14.732040405273438
            ],
            [
              101.24098968505876,
              14.731771469116154
            ],
            [
              101.24057769775385,
              14.731571197509766
            ],
            [
              101.24011230468756,
              14.73153018951416
            ],
            [
              101.23966217041033,
              14.731571197509766
            ],
            [
              101.23915863037115,
              14.731771469116154
            ],
            [
              101.23815917968767,
              14.732160568237248
            ],
            [
              101.23599243164091,
              14.733130455017033
            ],
            [
              101.23586273193376,
              14.732991218566951
            ],
            [
              101.23567199707048,
              14.73268127441412
            ],
            [
              101.2349700927735,
              14.73153018951416
            ],
            [
              101.23471832275408,
              14.7313108444215
            ],
            [
              101.2342910766601,
              14.731140136718807
            ],
            [
              101.23320770263672,
              14.731550216674918
            ],
            [
              101.23309326171886,
              14.731661796569938
            ],
            [
              101.23278045654297,
              14.732001304626408
            ],
            [
              101.23253631591825,
              14.732379913330135
            ],
            [
              101.23229980468756,
              14.732771873474121
            ],
            [
              101.2321166992188,
              14.733181953430233
            ],
            [
              101.23194122314464,
              14.733600616455192
            ],
            [
              101.23162078857416,
              14.733910560608024
            ],
            [
              101.23133087158209,
              14.734271049499569
            ],
            [
              101.23104858398432,
              14.734641075134391
            ],
            [
              101.23085784912104,
              14.735039710998649
            ],
            [
              101.2304992675783,
              14.735321998596191
            ],
            [
              101.23004150390636,
              14.735369682312012
            ],
            [
              101.22960662841803,
              14.735520362854004
            ],
            [
              101.22924041748053,
              14.73580074310297
            ],
            [
              101.22888946533214,
              14.736081123352108
            ],
            [
              101.22865295410162,
              14.736471176147518
            ],
            [
              101.22841644287126,
              14.736871719360352
            ],
            [
              101.22821044921892,
              14.73727130889904
            ],
            [
              101.22808074951178,
              14.737689971923828
            ],
            [
              101.22791290283209,
              14.738109588623104
            ],
            [
              101.22753906250006,
              14.738360404968375
            ],
            [
              101.2271118164063,
              14.738511085510368
            ],
            [
              101.22679138183605,
              14.738740921020451
            ],
            [
              101.22619628906256,
              14.740000724792537
            ],
            [
              101.22596740722662,
              14.740441322326603
            ],
            [
              101.22441864013689,
              14.742220878601074
            ],
            [
              101.22048187255865,
              14.744080543518066
            ],
            [
              101.21833801269537,
              14.745471000671387
            ],
            [
              101.21835327148443,
              14.745990753173942
            ],
            [
              101.21839141845709,
              14.74757003784174
            ],
            [
              101.21755218505876,
              14.749460220336914
            ],
            [
              101.2173919677735,
              14.750041007995605
            ],
            [
              101.21723937988287,
              14.750570297241438
            ],
            [
              101.21688079833996,
              14.751941680908146
            ],
            [
              101.21659088134783,
              14.753350257873649
            ],
            [
              101.2162704467774,
              14.754881858825627
            ],
            [
              101.21540069580072,
              14.755331039428768
            ],
            [
              101.21491241455084,
              14.755580902099553
            ],
            [
              101.2144317626956,
              14.756180763244856
            ],
            [
              101.21463012695341,
              14.75680065155052
            ],
            [
              101.21472167968756,
              14.757061004638786
            ],
            [
              101.21527862548828,
              14.757861137390137
            ],
            [
              101.21547698974615,
              14.758281707763672
            ],
            [
              101.21537780761747,
              14.758601188659611
            ],
            [
              101.2149505615235,
              14.758940696716309
            ],
            [
              101.21409606933611,
              14.759009361267147
            ],
            [
              101.21244049072271,
              14.75721073150629
            ],
            [
              101.21154022216808,
              14.757089614868164
            ],
            [
              101.21051025390625,
              14.757300376892147
            ],
            [
              101.20948028564482,
              14.75817966461176
            ],
            [
              101.20854187011713,
              14.758451461792106
            ],
            [
              101.2073516845706,
              14.758799552917424
            ],
            [
              101.20703125,
              14.758891105652083
            ],
            [
              101.20588684082031,
              14.759221076965275
            ],
            [
              101.20361328125017,
              14.759781837463436
            ],
            [
              101.20169830322283,
              14.759239196777457
            ],
            [
              101.2012481689456,
              14.758919715881461
            ],
            [
              101.19986724853521,
              14.757610321044979
            ],
            [
              101.19960021972673,
              14.755749702453727
            ],
            [
              101.19934844970732,
              14.753911018371582
            ],
            [
              101.19992828369169,
              14.750211715698299
            ],
            [
              101.19935607910185,
              14.748261451721135
            ],
            [
              101.19741821289074,
              14.748930931091422
            ],
            [
              101.19519805908203,
              14.749700546264592
            ],
            [
              101.1949081420899,
              14.749601364135799
            ],
            [
              101.1945190429688,
              14.749349594116211
            ],
            [
              101.194389343262,
              14.749219894409237
            ],
            [
              101.19416809082037,
              14.74894046783453
            ],
            [
              101.19357299804693,
              14.748210906982479
            ],
            [
              101.19188690185558,
              14.748101234436035
            ],
            [
              101.19140625000017,
              14.74807167053234
            ],
            [
              101.19048309326172,
              14.747030258178654
            ],
            [
              101.19050598144537,
              14.746841430664176
            ],
            [
              101.19062805175781,
              14.746400833129883
            ],
            [
              101.19068908691412,
              14.745961189270076
            ],
            [
              101.19069671630865,
              14.745512008666935
            ],
            [
              101.19068908691412,
              14.745060920715446
            ],
            [
              101.19072723388678,
              14.744611740112305
            ],
            [
              101.19093322753918,
              14.744201660156364
            ],
            [
              101.19122314453142,
              14.74386024475109
            ],
            [
              101.1915664672851,
              14.743560791015852
            ],
            [
              101.19193267822294,
              14.743271827697868
            ],
            [
              101.19230651855497,
              14.743009567260856
            ],
            [
              101.19271087646479,
              14.74276065826416
            ],
            [
              101.19307708740263,
              14.742512702941951
            ],
            [
              101.19346618652338,
              14.742271423339957
            ],
            [
              101.19384002685575,
              14.741999626159611
            ],
            [
              101.1941528320313,
              14.741669654846248
            ],
            [
              101.19444274902344,
              14.741312026977596
            ],
            [
              101.19470977783209,
              14.74094009399414
            ],
            [
              101.19503784179705,
              14.740261077880973
            ],
            [
              101.19544982910162,
              14.740139961242619
            ],
            [
              101.19579315185564,
              14.73982143402094
            ],
            [
              101.19606781005865,
              14.739450454712028
            ],
            [
              101.19612884521513,
              14.739009857177734
            ],
            [
              101.19608306884777,
              14.738570213317928
            ],
            [
              101.19592285156278,
              14.738141059875545
            ],
            [
              101.19571685791044,
              14.737730979919434
            ],
            [
              101.19551086425793,
              14.7373304367066
            ],
            [
              101.19531250000006,
              14.736920356750488
            ],
            [
              101.19506835937506,
              14.736540794372672
            ],
            [
              101.19490051269537,
              14.736120223999137
            ],
            [
              101.19476318359403,
              14.735691070556754
            ],
            [
              101.19465637207048,
              14.735252380371037
            ],
            [
              101.19449615478521,
              14.734821319580078
            ],
            [
              101.19431304931646,
              14.734411239624137
            ],
            [
              101.19404602050776,
              14.734052658081168
            ],
            [
              101.19374084472662,
              14.733711242675895
            ],
            [
              101.19341278076183,
              14.733401298523063
            ],
            [
              101.19313049316423,
              14.733050346374455
            ],
            [
              101.19397735595709,
              14.731609344482422
            ],
            [
              101.19519042968744,
              14.72960186004633
            ],
            [
              101.19445800781267,
              14.727639198303336
            ],
            [
              101.19328308105463,
              14.72584056854248
            ],
            [
              101.19229888916044,
              14.723869323730469
            ],
            [
              101.18991851806646,
              14.723949432373047
            ],
            [
              101.18869781494135,
              14.723149299621696
            ],
            [
              101.18850708007807,
              14.722921371460188
            ],
            [
              101.18820190429693,
              14.722591400146484
            ],
            [
              101.18788909912121,
              14.722250938415641
            ],
            [
              101.18759918212908,
              14.72189998626709
            ],
            [
              101.18737030029291,
              14.72151088714594
            ],
            [
              101.18730926513683,
              14.721071243286133
            ],
            [
              101.18753814697294,
              14.72068977355957
            ],
            [
              101.18791198730497,
              14.72041034698509
            ],
            [
              101.18833923339844,
              14.720232009887638
            ],
            [
              101.18866729736357,
              14.719930648803825
            ],
            [
              101.18895721435547,
              14.719579696655217
            ],
            [
              101.18920135498053,
              14.719202041626204
            ],
            [
              101.18943786621122,
              14.71880054473877
            ],
            [
              101.1896286010745,
              14.718390464782772
            ],
            [
              101.1897583007813,
              14.71796035766613
            ],
            [
              101.18984222412104,
              14.717519760131836
            ],
            [
              101.18985748291016,
              14.717070579528922
            ],
            [
              101.18988800048845,
              14.716620445251522
            ],
            [
              101.18991851806646,
              14.716171264648551
            ],
            [
              101.19004821777344,
              14.715740203857422
            ],
            [
              101.19026947021501,
              14.715332031250227
            ],
            [
              101.19049835205084,
              14.714950561523665
            ],
            [
              101.19071197509771,
              14.71455001831066
            ],
            [
              101.1908798217774,
              14.714121818542594
            ],
            [
              101.19097900390653,
              14.713690757751408
            ],
            [
              101.19100189208984,
              14.713230133056584
            ],
            [
              101.19094848632841,
              14.712791442871094
            ],
            [
              101.1907424926759,
              14.712391853332576
            ],
            [
              101.19040679931669,
              14.712060928344727
            ],
            [
              101.19004821777344,
              14.71178054809576
            ],
            [
              101.18968963623064,
              14.7115097045899
            ],
            [
              101.18931579589861,
              14.711229324340934
            ],
            [
              101.1890411376956,
              14.710989952087516
            ],
            [
              101.18894195556658,
              14.709980010986271
            ],
            [
              101.18907928466791,
              14.709660530090332
            ],
            [
              101.18933868408203,
              14.709289550781364
            ],
            [
              101.18965911865229,
              14.708958625793514
            ],
            [
              101.19123840332048,
              14.708451271057129
            ],
            [
              101.19248962402372,
              14.706050872802734
            ],
            [
              101.19403076171903,
              14.705320358276367
            ],
            [
              101.19471740722662,
              14.704991340637264
            ],
            [
              101.19516754150419,
              14.704899787902832
            ],
            [
              101.1956405639649,
              14.704899787902832
            ],
            [
              101.196098327637,
              14.704799652099723
            ],
            [
              101.19647979736357,
              14.704561233520621
            ],
            [
              101.1968383789063,
              14.704279899597168
            ],
            [
              101.19687652587919,
              14.703840255737532
            ],
            [
              101.19676971435564,
              14.703400611877555
            ],
            [
              101.1968460083009,
              14.702960968017578
            ],
            [
              101.19702911376959,
              14.702541351318303
            ],
            [
              101.19708251953153,
              14.70211124420166
            ],
            [
              101.19699096679693,
              14.701670646667708
            ],
            [
              101.19683074951178,
              14.701280593872127
            ],
            [
              101.19744873046903,
              14.699870109558105
            ],
            [
              101.19754791259771,
              14.699661254882812
            ],
            [
              101.1982727050783,
              14.697531700134277
            ],
            [
              101.19745635986357,
              14.695401191711483
            ],
            [
              101.19973754882841,
              14.69429969787592
            ],
            [
              101.20063018798834,
              14.692380905151424
            ],
            [
              101.20075988769548,
              14.691781997680778
            ],
            [
              101.20095062255876,
              14.690950393676815
            ],
            [
              101.20108032226591,
              14.690361976623592
            ],
            [
              101.202133178711,
              14.688221931457633
            ],
            [
              101.20269012451172,
              14.685639381408805
            ],
            [
              101.20234680175787,
              14.683259963989258
            ],
            [
              101.20282745361328,
              14.68312072753912
            ],
            [
              101.20381927490251,
              14.682828903198242
            ],
            [
              101.2042922973634,
              14.68292045593273
            ],
            [
              101.20475006103533,
              14.682941436767578
            ],
            [
              101.20519256591803,
              14.682799339294434
            ],
            [
              101.20553588867205,
              14.68251037597662
            ],
            [
              101.20543670654308,
              14.682100296020451
            ],
            [
              101.20509338378935,
              14.68180084228527
            ],
            [
              101.20478057861345,
              14.68145942687994
            ],
            [
              101.2045211791995,
              14.681101799011287
            ],
            [
              101.20426940917974,
              14.680501937866211
            ],
            [
              101.2039794921875,
              14.680130958557243
            ],
            [
              101.20365905761724,
              14.67982101440441
            ],
            [
              101.20333862304699,
              14.679501533508244
            ],
            [
              101.20313262939459,
              14.679100036621321
            ],
            [
              101.20307922363287,
              14.678640365600643
            ],
            [
              101.20304870605486,
              14.67819976806652
            ],
            [
              101.20298767089872,
              14.677750587463379
            ],
            [
              101.20314025878918,
              14.67733192443842
            ],
            [
              101.20320892333984,
              14.676882743835677
            ],
            [
              101.20332336425787,
              14.676441192626953
            ],
            [
              101.20346832275396,
              14.676020622253361
            ],
            [
              101.20355224609403,
              14.675569534301871
            ],
            [
              101.20361328125017,
              14.675131797790641
            ],
            [
              101.20362854003923,
              14.67467021942133
            ],
            [
              101.20340728759766,
              14.67428016662592
            ],
            [
              101.20301055908197,
              14.674040794372559
            ],
            [
              101.20269012451172,
              14.673740386962834
            ],
            [
              101.20243835449213,
              14.673350334167424
            ],
            [
              101.20231628417974,
              14.672919273376465
            ],
            [
              101.20223999023432,
              14.672479629516658
            ],
            [
              101.20217895507818,
              14.672031402587834
            ],
            [
              101.20223999023432,
              14.671579360962028
            ],
            [
              101.2022781372072,
              14.671130180358944
            ],
            [
              101.2023010253908,
              14.670680999755973
            ],
            [
              101.20227050781267,
              14.670229911804256
            ],
            [
              101.20214843750006,
              14.669811248779297
            ],
            [
              101.20197296142584,
              14.669390678405762
            ],
            [
              101.2017669677735,
              14.66898059844982
            ],
            [
              101.20159149169928,
              14.668561935425032
            ],
            [
              101.201469421387,
              14.668130874633903
            ],
            [
              101.20169830322283,
              14.667730331420898
            ],
            [
              101.20197296142584,
              14.667369842529524
            ],
            [
              101.20217895507818,
              14.666971206665153
            ],
            [
              101.2022781372072,
              14.66653060913086
            ],
            [
              101.2022781372072,
              14.66608047485363
            ],
            [
              101.2023010253908,
              14.665641784667912
            ],
            [
              101.20236206054693,
              14.665190696716422
            ],
            [
              101.20231628417974,
              14.664739608764876
            ],
            [
              101.20215606689459,
              14.664328575134277
            ],
            [
              101.20186614990229,
              14.663960456848372
            ],
            [
              101.20156097412115,
              14.663640975952262
            ],
            [
              101.20130920410156,
              14.663401603698844
            ],
            [
              101.20204925537104,
              14.66278171539318
            ],
            [
              101.20301818847656,
              14.662009239196777
            ],
            [
              101.20375061035185,
              14.659531593322868
            ],
            [
              101.20439910888689,
              14.65717983245861
            ],
            [
              101.2062301635745,
              14.654569625854492
            ],
            [
              101.2066726684572,
              14.652429580688533
            ],
            [
              101.20655822753912,
              14.652291297912711
            ],
            [
              101.20549774169922,
              14.650851249694824
            ],
            [
              101.20523834228527,
              14.65051078796398
            ],
            [
              101.20561981201183,
              14.649720191955623
            ],
            [
              101.2060775756836,
              14.648731231689567
            ],
            [
              101.20677185058605,
              14.6472806930542
            ],
            [
              101.20652008056646,
              14.645210266113395
            ],
            [
              101.2060775756836,
              14.642401695251465
            ],
            [
              101.20678710937528,
              14.640361785888615
            ],
            [
              101.20680999755888,
              14.637749671936092
            ],
            [
              101.20768737792974,
              14.635629653930721
            ],
            [
              101.20773315429716,
              14.63320064544672
            ],
            [
              101.20945739746122,
              14.631701469421444
            ],
            [
              101.20983123779325,
              14.629481315612736
            ],
            [
              101.20848846435558,
              14.628731727600098
            ],
            [
              101.20833587646513,
              14.628651618957576
            ],
            [
              101.20797729492188,
              14.628439903259277
            ],
            [
              101.20681762695307,
              14.626549720764274
            ],
            [
              101.2060775756836,
              14.624711036682129
            ],
            [
              101.20609283447283,
              14.622880935669173
            ],
            [
              101.20610809326189,
              14.622651100158748
            ],
            [
              101.20597839355474,
              14.622241020202637
            ],
            [
              101.20549774169922,
              14.620619773864746
            ],
            [
              101.20626068115234,
              14.618120193481502
            ],
            [
              101.20551300048845,
              14.616080284118652
            ],
            [
              101.20600891113293,
              14.61383056640625
            ],
            [
              101.20790100097662,
              14.612700462341536
            ],
            [
              101.20870208740263,
              14.610671997070426
            ],
            [
              101.20780944824236,
              14.610170364379996
            ],
            [
              101.20748901367193,
              14.609980583191032
            ],
            [
              101.20681762695307,
              14.609590530395621
            ],
            [
              101.20596313476568,
              14.607510566711483
            ],
            [
              101.20690917968756,
              14.604749679565373
            ],
            [
              101.20841217041016,
              14.602661132812614
            ],
            [
              101.21022796630888,
              14.600249290466309
            ],
            [
              101.21144866943376,
              14.597660064697266
            ],
            [
              101.21100616455107,
              14.59608078002941
            ],
            [
              101.21079254150419,
              14.595269203186149
            ],
            [
              101.21183776855486,
              14.59375095367426
            ],
            [
              101.21362304687506,
              14.591182708740234
            ],
            [
              101.21597290039057,
              14.590531349182129
            ],
            [
              101.2166595458985,
              14.58784198760992
            ],
            [
              101.21659851074236,
              14.586071014404297
            ],
            [
              101.21659088134783,
              14.585610389709473
            ],
            [
              101.21383666992216,
              14.584692001342887
            ],
            [
              101.21202087402361,
              14.583450317382812
            ],
            [
              101.2099380493164,
              14.58049106597906
            ],
            [
              101.20970916748064,
              14.580349922180176
            ],
            [
              101.20922088623053,
              14.580051422119254
            ],
            [
              101.20789337158209,
              14.579262733459416
            ],
            [
              101.20729827880865,
              14.577829360961914
            ],
            [
              101.20709991455084,
              14.577350616455135
            ],
            [
              101.20700073242216,
              14.576169967651367
            ],
            [
              101.20693206787115,
              14.575289726257438
            ],
            [
              101.20482635498053,
              14.573420524597168
            ],
            [
              101.20362854003923,
              14.571310997009505
            ],
            [
              101.20343017578142,
              14.5709810256958
            ],
            [
              101.2030868530274,
              14.570650100708121
            ],
            [
              101.2029418945313,
              14.570569992065543
            ],
            [
              101.20258331298857,
              14.570289611816406
            ],
            [
              101.20223236084013,
              14.569989204406852
            ],
            [
              101.2019119262697,
              14.569661140441895
            ],
            [
              101.20165252685575,
              14.56928920745844
            ],
            [
              101.2014770507812,
              14.568869590759391
            ],
            [
              101.20133972167986,
              14.568442344665755
            ],
            [
              101.20125579834013,
              14.56800174713129
            ],
            [
              101.20133972167986,
              14.567560195923079
            ],
            [
              101.20159149169928,
              14.567180633544922
            ],
            [
              101.20191955566423,
              14.566850662231559
            ],
            [
              101.20224761962885,
              14.566540718078727
            ],
            [
              101.20249938964844,
              14.566171646118164
            ],
            [
              101.20265197753923,
              14.565752029418888
            ],
            [
              101.20260620117216,
              14.565300941467399
            ],
            [
              101.20231628417974,
              14.56494998931879
            ],
            [
              101.20194244384771,
              14.564702033996582
            ],
            [
              101.20149230957031,
              14.564580917358455
            ],
            [
              101.20101928710943,
              14.564471244812012
            ],
            [
              101.20011901855497,
              14.563720703125057
            ],
            [
              101.19830322265625,
              14.561880111694336
            ],
            [
              101.1981964111331,
              14.561781883239803
            ],
            [
              101.19724273681669,
              14.56110954284668
            ],
            [
              101.1962509155274,
              14.560420989990348
            ],
            [
              101.19545745849615,
              14.558330535888786
            ],
            [
              101.19515991210966,
              14.557080268859863
            ],
            [
              101.1949310302735,
              14.556150436401367
            ],
            [
              101.19638061523455,
              14.55463886260992
            ],
            [
              101.19613647460932,
              14.5530300140382
            ],
            [
              101.19560241699236,
              14.552908897399902
            ],
            [
              101.1951370239259,
              14.552970886230469
            ],
            [
              101.1946792602539,
              14.553059577941895
            ],
            [
              101.1942291259765,
              14.553159713745345
            ],
            [
              101.19380187988293,
              14.553300857544059
            ],
            [
              101.19333648681658,
              14.55344009399414
            ],
            [
              101.19290924072266,
              14.553600311279297
            ],
            [
              101.19245147705084,
              14.553631782531738
            ],
            [
              101.19198608398455,
              14.553600311279297
            ],
            [
              101.19158172607422,
              14.553401947021428
            ],
            [
              101.19130706787115,
              14.55304145812994
            ],
            [
              101.19108581542974,
              14.55263996124279
            ],
            [
              101.19093322753918,
              14.552231788635254
            ],
            [
              101.19069671630865,
              14.551839828491268
            ],
            [
              101.19048309326172,
              14.551439285278263
            ],
            [
              101.19020080566435,
              14.551080703735352
            ],
            [
              101.19010925292974,
              14.55099010467552
            ],
            [
              101.18901062011724,
              14.550591468811092
            ],
            [
              101.1879959106447,
              14.550230979919377
            ],
            [
              101.18550109863298,
              14.549630165100154
            ],
            [
              101.18424224853521,
              14.547920227050895
            ],
            [
              101.18338775634783,
              14.546588897705078
            ],
            [
              101.18302917480486,
              14.546039581298885
            ],
            [
              101.18376159667969,
              14.543781280517635
            ],
            [
              101.18356323242188,
              14.542551040649471
            ],
            [
              101.18386077880865,
              14.542210578918457
            ],
            [
              101.1841201782226,
              14.541830062866211
            ],
            [
              101.18437957763672,
              14.541460990905989
            ],
            [
              101.1846313476563,
              14.541091918945256
            ],
            [
              101.18505859375028,
              14.540601730346737
            ],
            [
              101.18533325195312,
              14.54023265838623
            ],
            [
              101.18551635742205,
              14.539819717407227
            ],
            [
              101.18572235107428,
              14.539409637451229
            ],
            [
              101.18585205078125,
              14.538981437683333
            ],
            [
              101.18588256835955,
              14.538530349731445
            ],
            [
              101.18580627441435,
              14.53808975219738
            ],
            [
              101.18576049804693,
              14.537630081176815
            ],
            [
              101.1857528686524,
              14.537190437317008
            ],
            [
              101.18578338623058,
              14.536741256713924
            ],
            [
              101.18591308593756,
              14.536310195922908
            ],
            [
              101.18605804443376,
              14.535881996155013
            ],
            [
              101.18609619140625,
              14.535440444946289
            ],
            [
              101.18585205078125,
              14.534960746765194
            ],
            [
              101.18589019775408,
              14.534750938415641
            ],
            [
              101.18540954589855,
              14.53367996215826
            ],
            [
              101.1856689453125,
              14.533289909362907
            ],
            [
              101.1859817504884,
              14.532959938049316
            ],
            [
              101.18633270263678,
              14.532661437988395
            ],
            [
              101.18667602539068,
              14.53236103057867
            ],
            [
              101.1870422363283,
              14.532071113586426
            ],
            [
              101.18741607666033,
              14.531820297241268
            ],
            [
              101.18778991699236,
              14.531551361084041
            ],
            [
              101.18814849853516,
              14.531270980835075
            ],
            [
              101.18852233886719,
              14.53098201751709
            ],
            [
              101.18887329101591,
              14.530710220336914
            ],
            [
              101.18923187255888,
              14.5304212570191
            ],
            [
              101.18958282470709,
              14.530119895935115
            ],
            [
              101.18991851806646,
              14.529818534851302
            ],
            [
              101.19024658203125,
              14.52950859069847
            ],
            [
              101.1906127929687,
              14.529211044311467
            ],
            [
              101.190971374512,
              14.528929710388184
            ],
            [
              101.19140625000017,
              14.528779983520508
            ],
            [
              101.1918563842774,
              14.528740882873535
            ],
            [
              101.19227600097668,
              14.52854061126709
            ],
            [
              101.19271850585938,
              14.52854061126709
            ],
            [
              101.19300079345709,
              14.528901100158635
            ],
            [
              101.19338226318365,
              14.529151916503963
            ],
            [
              101.19384002685575,
              14.529180526733512
            ],
            [
              101.19431304931646,
              14.529239654541016
            ],
            [
              101.19476318359403,
              14.529280662536621
            ],
            [
              101.19515991210966,
              14.529500007629451
            ],
            [
              101.19544219970703,
              14.52985954284668
            ],
            [
              101.19571685791044,
              14.530220031738224
            ],
            [
              101.19612884521513,
              14.530411720275993
            ],
            [
              101.19658660888672,
              14.530470848083553
            ],
            [
              101.19703674316418,
              14.530390739441145
            ],
            [
              101.19741058349615,
              14.53012943267828
            ],
            [
              101.19766235351557,
              14.529740333557129
            ],
            [
              101.19776153564459,
              14.529299736023063
            ],
            [
              101.19782257080107,
              14.528861999511832
            ],
            [
              101.1979064941408,
              14.528410911560115
            ],
            [
              101.19805908203125,
              14.527991294860897
            ],
            [
              101.19821929931669,
              14.527569770813045
            ],
            [
              101.19837188720714,
              14.527140617370662
            ],
            [
              101.19851684570318,
              14.526721954345703
            ],
            [
              101.19859313964872,
              14.52628040313732
            ],
            [
              101.19861602783197,
              14.525821685791072
            ],
            [
              101.19880676269526,
              14.525421142578239
            ],
            [
              101.1991424560548,
              14.525101661682072
            ],
            [
              101.1995391845706,
              14.524880409240836
            ],
            [
              101.19996643066406,
              14.52470016479515
            ],
            [
              101.20038604736345,
              14.524529457092228
            ],
            [
              101.20075225830095,
              14.524239540100325
            ],
            [
              101.20111083984375,
              14.52395057678234
            ],
            [
              101.2014770507812,
              14.523681640625114
            ],
            [
              101.20186614990229,
              14.523461341857967
            ],
            [
              101.20231628417974,
              14.52330112457281
            ],
            [
              101.20272827148443,
              14.523099899292106
            ],
            [
              101.203178405762,
              14.522991180419979
            ],
            [
              101.20362854003923,
              14.5228910446167
            ],
            [
              101.20407104492193,
              14.522730827331543
            ],
            [
              101.20442199707037,
              14.522441864013786
            ],
            [
              101.2047271728515,
              14.522110939025879
            ],
            [
              101.20506286621122,
              14.521789550781364
            ],
            [
              101.20539093017584,
              14.521491050720215
            ],
            [
              101.2057723999024,
              14.521231651306096
            ],
            [
              101.20619201660168,
              14.521039962768555
            ],
            [
              101.20661163330107,
              14.520859718322868
            ],
            [
              101.20704650878923,
              14.520690917968693
            ],
            [
              101.20751190185553,
              14.520608901977539
            ],
            [
              101.2079391479495,
              14.520449638366756
            ],
            [
              101.20835113525385,
              14.520231246948356
            ],
            [
              101.20867919921886,
              14.519921302795524
            ],
            [
              101.20903015136724,
              14.519611358642692
            ],
            [
              101.20932769775408,
              14.519270896911735
            ],
            [
              101.20951843261736,
              14.518858909607161
            ],
            [
              101.20967864990229,
              14.518440246582031
            ],
            [
              101.20981597900402,
              14.518011093139648
            ],
            [
              101.20993041992205,
              14.517571449280013
            ],
            [
              101.2100372314456,
              14.517130851745549
            ],
            [
              101.210189819336,
              14.516710281372184
            ],
            [
              101.21057128906256,
              14.516469955444336
            ],
            [
              101.21095275878912,
              14.516700744628906
            ],
            [
              101.21112823486334,
              14.517120361328125
            ],
            [
              101.21138763427763,
              14.51747989654541
            ],
            [
              101.21183776855486,
              14.517571449280013
            ],
            [
              101.21222686767578,
              14.517340660095272
            ],
            [
              101.21259307861345,
              14.517051696777287
            ],
            [
              101.2128295898438,
              14.516679763794059
            ],
            [
              101.21295166015642,
              14.516240119934082
            ],
            [
              101.2129974365235,
              14.515800476074276
            ],
            [
              101.21305084228521,
              14.515351295471305
            ],
            [
              101.21315765380876,
              14.514911651611328
            ],
            [
              101.21331787109375,
              14.51448059082037
            ],
            [
              101.2135314941408,
              14.514081954956112
            ],
            [
              101.21376037597662,
              14.513689994811955
            ],
            [
              101.21398925781256,
              14.513299942016545
            ],
            [
              101.21424102783232,
              14.512920379638786
            ],
            [
              101.21452331542974,
              14.512561798095817
            ],
            [
              101.21482086181669,
              14.512220382690543
            ],
            [
              101.21511077880865,
              14.511871337890739
            ],
            [
              101.21539306640653,
              14.511510848999023
            ],
            [
              101.21566009521484,
              14.511151313781795
            ],
            [
              101.21594238281278,
              14.51077938079834
            ],
            [
              101.21620941162126,
              14.510418891906966
            ],
            [
              101.21649169921886,
              14.510059356689567
            ],
            [
              101.21678161621111,
              14.509700775146598
            ],
            [
              101.21705627441412,
              14.509349822998047
            ],
            [
              101.21733093261719,
              14.508980751037825
            ],
            [
              101.2176132202149,
              14.508621215820426
            ],
            [
              101.21787261962919,
              14.508250236511287
            ],
            [
              101.21808624267578,
              14.507860183716048
            ],
            [
              101.21829986572283,
              14.507439613342342
            ],
            [
              101.21849822998064,
              14.5070419311524
            ],
            [
              101.21872711181646,
              14.506651878357161
            ],
            [
              101.21900177001982,
              14.506290435790959
            ],
            [
              101.2192993164063,
              14.505941390991154
            ],
            [
              101.21965789794939,
              14.505660057067871
            ],
            [
              101.22006988525396,
              14.505451202392635
            ],
            [
              101.22049713134777,
              14.505279541015625
            ],
            [
              101.22093963623041,
              14.505131721496696
            ],
            [
              101.22138214111328,
              14.504989624023551
            ],
            [
              101.22183227539074,
              14.504860877990836
            ],
            [
              101.22226715087885,
              14.504710197448844
            ],
            [
              101.22270965576189,
              14.50459194183361
            ],
            [
              101.22315979003912,
              14.504470825195256
            ],
            [
              101.22360229492182,
              14.504341125488281
            ],
            [
              101.22402191162126,
              14.504160881042424
            ],
            [
              101.22444152832037,
              14.503969192504883
            ],
            [
              101.22482299804693,
              14.50371170043968
            ],
            [
              101.22518157959001,
              14.503431320190543
            ],
            [
              101.22550201416044,
              14.5031099319458
            ],
            [
              101.22579956054693,
              14.502760887145996
            ],
            [
              101.22606658935575,
              14.502401351928768
            ],
            [
              101.22628784179688,
              14.502009391784782
            ],
            [
              101.22653961181646,
              14.501630783081055
            ],
            [
              101.22680664062528,
              14.501250267028809
            ],
            [
              101.22705078125,
              14.500869750976562
            ],
            [
              101.22727966308611,
              14.500479698181152
            ],
            [
              101.22750854492193,
              14.500081062316895
            ],
            [
              101.22773742675787,
              14.499691009521541
            ],
            [
              101.2279586791995,
              14.499301910400447
            ],
            [
              101.22820281982422,
              14.498911857605037
            ],
            [
              101.2284011840822,
              14.498511314392204
            ],
            [
              101.22866058349615,
              14.498139381408748
            ],
            [
              101.22892761230497,
              14.497770309448242
            ],
            [
              101.22924041748053,
              14.497432708740291
            ],
            [
              101.22956848144548,
              14.497120857238883
            ],
            [
              101.22988891601591,
              14.496789932251033
            ],
            [
              101.23017120361334,
              14.496440887451229
            ],
            [
              101.23036193847662,
              14.496020317077637
            ],
            [
              101.23052978515642,
              14.495599746704102
            ],
            [
              101.23069000244158,
              14.495181083679313
            ],
            [
              101.23085784912104,
              14.494758605957031
            ],
            [
              101.2310333251956,
              14.494351387023926
            ],
            [
              101.2312393188476,
              14.493941307067985
            ],
            [
              101.23149108886719,
              14.493560791015739
            ],
            [
              101.23178863525419,
              14.493221282959212
            ],
            [
              101.23213958740246,
              14.492932319641227
            ],
            [
              101.2324829101563,
              14.492622375488395
            ],
            [
              101.23285675048834,
              14.492370605468977
            ],
            [
              101.23324584960943,
              14.492119789123535
            ],
            [
              101.23364257812506,
              14.491860389709586
            ],
            [
              101.23403167724615,
              14.491629600525016
            ],
            [
              101.23439025878912,
              14.491340637207031
            ],
            [
              101.23471069335955,
              14.491009712219352
            ],
            [
              101.23500823974638,
              14.490679740905762
            ],
            [
              101.23532867431646,
              14.490361213684139
            ],
            [
              101.23562622070307,
              14.490010261535872
            ],
            [
              101.23593902587896,
              14.489690780639762
            ],
            [
              101.23622131347673,
              14.48931026458746
            ],
            [
              101.23648071289068,
              14.488949775695744
            ],
            [
              101.23686981201178,
              14.488380432128963
            ],
            [
              101.23709106445324,
              14.487970352172852
            ],
            [
              101.23731231689482,
              14.487580299377441
            ],
            [
              101.23752593994135,
              14.487190246582088
            ],
            [
              101.23777770996111,
              14.486809730529785
            ],
            [
              101.23805999755888,
              14.486450195312727
            ],
            [
              101.23831176757812,
              14.48607063293457
            ],
            [
              101.23851013183611,
              14.485670089721737
            ],
            [
              101.23870849609392,
              14.485260009765625
            ],
            [
              101.23889160156267,
              14.484841346740666
            ],
            [
              101.2390518188476,
              14.484420776367301
            ],
            [
              101.23921966552763,
              14.483989715576172
            ],
            [
              101.23937225341803,
              14.483559608459473
            ],
            [
              101.23950958251959,
              14.483139991760197
            ],
            [
              101.2396469116211,
              14.482711791992301
            ],
            [
              101.23976135253918,
              14.482280731201172
            ],
            [
              101.23992156982428,
              14.481849670410213
            ],
            [
              101.24015045166027,
              14.481451988220272
            ],
            [
              101.24037170410185,
              14.481071472167969
            ],
            [
              101.24069976806646,
              14.48073959350586
            ],
            [
              101.2410507202149,
              14.480450630188045
            ],
            [
              101.24137878417986,
              14.480140686035213
            ],
            [
              101.24164581298834,
              14.47976016998291
            ],
            [
              101.24191284179682,
              14.479391098022575
            ],
            [
              101.24217224121094,
              14.479022026062012
            ],
            [
              101.24240875244146,
              14.47864055633545
            ],
            [
              101.24263000488293,
              14.478340148925724
            ],
            [
              101.24282073974621,
              14.47809028625494
            ],
            [
              101.2429809570313,
              14.477800369262809
            ],
            [
              101.24320220947277,
              14.47732162475586
            ],
            [
              101.24333953857428,
              14.476490020752067
            ],
            [
              101.24330139160173,
              14.476250648498649
            ],
            [
              101.24330139160173,
              14.475640296936149
            ],
            [
              101.24343109130888,
              14.474789619445914
            ],
            [
              101.24378967285185,
              14.473750114441145
            ],
            [
              101.24414062500006,
              14.47311019897461
            ],
            [
              101.24427032470703,
              14.472291946411076
            ],
            [
              101.24421691894531,
              14.471690177917594
            ],
            [
              101.2440490722658,
              14.471140861511344
            ],
            [
              101.24378204345732,
              14.470360755920353
            ],
            [
              101.24320983886747,
              14.47001934051508
            ],
            [
              101.24256134033209,
              14.469950675964412
            ],
            [
              101.24179077148438,
              14.469919204711971
            ],
            [
              101.2409133911134,
              14.47001934051508
            ],
            [
              101.23966979980486,
              14.470151901245117
            ],
            [
              101.23844146728544,
              14.470340728759993
            ],
            [
              101.2371597290039,
              14.470430374145508
            ],
            [
              101.23674011230497,
              14.47052097320568
            ],
            [
              101.23583984375017,
              14.470721244812069
            ],
            [
              101.23448181152338,
              14.471140861511344
            ],
            [
              101.23339080810564,
              14.471380233764762
            ],
            [
              101.23165130615251,
              14.471790313720703
            ],
            [
              101.23060607910168,
              14.472221374511832
            ],
            [
              101.22972106933594,
              14.472330093383789
            ],
            [
              101.2291412353515,
              14.472320556640682
            ],
            [
              101.22750854492193,
              14.471731185913143
            ],
            [
              101.2263793945313,
              14.46969985961914
            ],
            [
              101.22667694091797,
              14.467341423034611
            ],
            [
              101.22782897949236,
              14.465060234069767
            ],
            [
              101.22733306884771,
              14.463051795959586
            ],
            [
              101.22807312011724,
              14.461151123046989
            ],
            [
              101.22931671142607,
              14.461311340332145
            ],
            [
              101.23014831542986,
              14.461411476135254
            ],
            [
              101.2323532104495,
              14.46130180358898
            ],
            [
              101.23261260986345,
              14.461151123046989
            ],
            [
              101.23448181152338,
              14.459140777588004
            ],
            [
              101.23501586914091,
              14.458141326904354
            ],
            [
              101.2350387573245,
              14.456990242004451
            ],
            [
              101.23491668701189,
              14.456351280212516
            ],
            [
              101.23472595214861,
              14.455370903015137
            ],
            [
              101.2345581054688,
              14.45494270324707
            ],
            [
              101.23414611816423,
              14.454070091247672
            ],
            [
              101.23371887207026,
              14.453130722045898
            ],
            [
              101.2332611083985,
              14.452161788940373
            ],
            [
              101.23310089111357,
              14.451911926269588
            ],
            [
              101.23163604736328,
              14.451029777526912
            ],
            [
              101.22940826416021,
              14.450801849365234
            ],
            [
              101.22856140136713,
              14.450039863586369
            ],
            [
              101.22788238525396,
              14.449420928955192
            ],
            [
              101.22647094726557,
              14.448010444641113
            ],
            [
              101.22563934326178,
              14.447159767150936
            ],
            [
              101.22402191162126,
              14.445841789245605
            ],
            [
              101.22547149658232,
              14.443099975585938
            ],
            [
              101.22685241699213,
              14.441149711608944
            ],
            [
              101.22788238525396,
              14.438941001892317
            ],
            [
              101.22927093505871,
              14.436689376831168
            ],
            [
              101.23052215576189,
              14.434200286865234
            ],
            [
              101.23036193847662,
              14.43219852447504
            ],
            [
              101.23002624511724,
              14.431221961975211
            ],
            [
              101.2298965454101,
              14.430831909179801
            ],
            [
              101.22940826416021,
              14.429869651794377
            ],
            [
              101.22724151611328,
              14.430810928344954
            ],
            [
              101.22553253173828,
              14.432909965515194
            ],
            [
              101.22357940673857,
              14.433690071105957
            ],
            [
              101.22122955322271,
              14.435210227966252
            ],
            [
              101.21875,
              14.435930252075252
            ],
            [
              101.2179260253908,
              14.436121940612793
            ],
            [
              101.2167358398437,
              14.436410903930778
            ],
            [
              101.21589660644537,
              14.436181068420524
            ],
            [
              101.2138061523438,
              14.434270858764648
            ],
            [
              101.21301269531256,
              14.43187141418457
            ],
            [
              101.21251678466825,
              14.429879188537711
            ],
            [
              101.21186065673834,
              14.428960800170898
            ],
            [
              101.21141815185547,
              14.428231239318848
            ],
            [
              101.21118927001982,
              14.427901268005428
            ],
            [
              101.21161651611345,
              14.4251708984375
            ],
            [
              101.2121887207033,
              14.422472000122184
            ],
            [
              101.21253204345732,
              14.420061111450195
            ],
            [
              101.21216583251947,
              14.417001724243164
            ],
            [
              101.21208190917974,
              14.416810989379883
            ],
            [
              101.21212768554716,
              14.415550231933707
            ],
            [
              101.21224975585943,
              14.414579391479435
            ],
            [
              101.21244049072271,
              14.41372013092041
            ],
            [
              101.2124633789063,
              14.412460327148494
            ],
            [
              101.2124099731447,
              14.412229537963924
            ],
            [
              101.21132659912115,
              14.410591125488395
            ],
            [
              101.20887756347685,
              14.408441543579102
            ],
            [
              101.20730590820318,
              14.406760215759391
            ],
            [
              101.20697784423857,
              14.406230926513729
            ],
            [
              101.20668792724626,
              14.405771255493164
            ],
            [
              101.20626068115234,
              14.404781341552848
            ],
            [
              101.20588684082031,
              14.40397930145275
            ],
            [
              101.2057189941408,
              14.40360069274908
            ],
            [
              101.20485687255871,
              14.402810096740836
            ],
            [
              101.20446777343756,
              14.402482032775879
            ],
            [
              101.20362854003923,
              14.400610923767147
            ],
            [
              101.20362854003923,
              14.400481224060172
            ],
            [
              101.20436096191406,
              14.398831367492903
            ],
            [
              101.20446014404303,
              14.398571014404297
            ],
            [
              101.20555877685553,
              14.396439552307186
            ],
            [
              101.20584869384794,
              14.394360542297363
            ],
            [
              101.2057723999024,
              14.391790390014705
            ],
            [
              101.20575714111334,
              14.391670227050838
            ],
            [
              101.20581817626964,
              14.389389991760481
            ],
            [
              101.20651245117193,
              14.388861656188908
            ],
            [
              101.20739746093744,
              14.388279914855957
            ],
            [
              101.20786285400396,
              14.387769699096737
            ],
            [
              101.2080307006836,
              14.387520790100211
            ],
            [
              101.2084579467774,
              14.386860847473258
            ],
            [
              101.20902252197271,
              14.385881423950138
            ],
            [
              101.20952606201189,
              14.384980201721248
            ],
            [
              101.21015930175787,
              14.384360313415584
            ],
            [
              101.21025848388666,
              14.384270668029842
            ],
            [
              101.21086883544939,
              14.383041381835938
            ],
            [
              101.21096801757824,
              14.382851600646973
            ],
            [
              101.21205139160162,
              14.380339622497559
            ],
            [
              101.21237945556658,
              14.379450798034668
            ],
            [
              101.2124633789063,
              14.37937068939209
            ],
            [
              101.2128524780274,
              14.37882041931158
            ],
            [
              101.21315765380876,
              14.378048896789778
            ],
            [
              101.21340179443365,
              14.377121925354004
            ],
            [
              101.21347045898466,
              14.376221656799373
            ],
            [
              101.21337127685547,
              14.375049591064396
            ],
            [
              101.2131423950197,
              14.37409973144537
            ],
            [
              101.21296691894548,
              14.373161315918196
            ],
            [
              101.21286773681652,
              14.37257003784174
            ],
            [
              101.212631225586,
              14.371879577636832
            ],
            [
              101.21225738525396,
              14.37098026275629
            ],
            [
              101.2118530273438,
              14.370280265808105
            ],
            [
              101.21131896972662,
              14.369821548462028
            ],
            [
              101.21045684814453,
              14.369260787963867
            ],
            [
              101.20986175537138,
              14.369018554687614
            ],
            [
              101.20896911621111,
              14.368981361389388
            ],
            [
              101.20796966552729,
              14.369090080261344
            ],
            [
              101.20704650878923,
              14.369370460510481
            ],
            [
              101.20584869384794,
              14.369709968567008
            ],
            [
              101.20549011230463,
              14.369721412658748
            ],
            [
              101.20498657226568,
              14.369750976562557
            ],
            [
              101.20487976074247,
              14.369750976562557
            ],
            [
              101.20362854003923,
              14.369441032409725
            ],
            [
              101.2019119262697,
              14.3683700561524
            ],
            [
              101.20133972167986,
              14.368021011352539
            ],
            [
              101.2010116577149,
              14.367850303650016
            ],
            [
              101.20067596435575,
              14.367691040039176
            ],
            [
              101.1998977661134,
              14.367620468139762
            ],
            [
              101.19902038574219,
              14.367799758911133
            ],
            [
              101.1977310180664,
              14.368380546569824
            ],
            [
              101.19642639160162,
              14.368640899658203
            ],
            [
              101.19512939453136,
              14.368599891662825
            ],
            [
              101.19425964355486,
              14.368330955505371
            ],
            [
              101.19348907470703,
              14.367779731750602
            ],
            [
              101.19287109375028,
              14.367289543151912
            ],
            [
              101.1920928955081,
              14.36676120758068
            ],
            [
              101.19148254394537,
              14.36633014678955
            ],
            [
              101.19037628173857,
              14.366020202636719
            ],
            [
              101.1892700195312,
              14.365790367126408
            ],
            [
              101.18823242187506,
              14.365279197692871
            ],
            [
              101.1874389648438,
              14.364760398864803
            ],
            [
              101.18737030029291,
              14.364009857177734
            ],
            [
              101.18746948242193,
              14.362981796264705
            ],
            [
              101.18755340576166,
              14.362300872802734
            ],
            [
              101.18763732910162,
              14.36178112030052
            ],
            [
              101.1876907348634,
              14.361518859863509
            ],
            [
              101.18775939941406,
              14.36096000671398
            ],
            [
              101.18669128417974,
              14.357379913330078
            ],
            [
              101.18651580810553,
              14.355422019958553
            ],
            [
              101.18649291992193,
              14.355130195617733
            ],
            [
              101.18682098388689,
              14.352760314941463
            ],
            [
              101.18377685546892,
              14.350959777832031
            ],
            [
              101.1829376220706,
              14.350359916687069
            ],
            [
              101.18209075927734,
              14.349761009216252
            ],
            [
              101.18129730224626,
              14.349040985107479
            ],
            [
              101.1807708740235,
              14.348160743713379
            ],
            [
              101.18020629882818,
              14.347148895263729
            ],
            [
              101.17968750000011,
              14.346520423889274
            ],
            [
              101.1788406372072,
              14.346030235290584
            ],
            [
              101.17814636230474,
              14.345781326294059
            ],
            [
              101.17713165283203,
              14.345699310302734
            ],
            [
              101.17626953125028,
              14.3457612991333
            ],
            [
              101.17530822753935,
              14.345831871032772
            ],
            [
              101.17410278320318,
              14.345950126648177
            ],
            [
              101.17320251464855,
              14.346371650695858
            ],
            [
              101.17247772216825,
              14.346691131591797
            ],
            [
              101.17106628417974,
              14.346961975097656
            ],
            [
              101.17031860351568,
              14.347050666809025
            ],
            [
              101.16960144042997,
              14.346929550170898
            ],
            [
              101.16890716552751,
              14.346301078796387
            ],
            [
              101.16855621337896,
              14.345810890197697
            ],
            [
              101.1683425903322,
              14.345250129699764
            ],
            [
              101.16805267333996,
              14.344520568847713
            ],
            [
              101.16793060302734,
              14.344011306762752
            ],
            [
              101.16786193847668,
              14.343190193176383
            ],
            [
              101.16789245605497,
              14.342558860778809
            ],
            [
              101.16779327392584,
              14.342029571533317
            ],
            [
              101.16763305664068,
              14.341760635376033
            ],
            [
              101.16728973388683,
              14.341560363769645
            ],
            [
              101.16702270507812,
              14.341401100158805
            ],
            [
              101.16652679443371,
              14.341261863708553
            ],
            [
              101.16602325439453,
              14.341268539428768
            ],
            [
              101.16599273681669,
              14.341519355773869
            ],
            [
              101.16543579101557,
              14.341156959533748
            ],
            [
              101.16542816162104,
              14.34137058258068
            ],
            [
              101.16520690917997,
              14.342591285705566
            ],
            [
              101.1650619506836,
              14.34299182891857
            ],
            [
              101.16483306884794,
              14.343339920043888
            ],
            [
              101.16436004638678,
              14.343820571899471
            ],
            [
              101.16388702392607,
              14.344231605529899
            ],
            [
              101.16348266601591,
              14.34435939788824
            ],
            [
              101.16329956054716,
              14.344400405884016
            ],
            [
              101.16298675537126,
              14.344421386718864
            ],
            [
              101.16213989257824,
              14.344479560852278
            ],
            [
              101.16127014160173,
              14.34464168548584
            ],
            [
              101.16055297851568,
              14.34507274627697
            ],
            [
              101.16046142578153,
              14.345125198364258
            ],
            [
              101.1597061157226,
              14.345568656921614
            ],
            [
              101.1590423583985,
              14.346401214599723
            ],
            [
              101.15853118896513,
              14.347481727600211
            ],
            [
              101.1582107543947,
              14.348480224609375
            ],
            [
              101.15827178955084,
              14.34978103637701
            ],
            [
              101.15830230712896,
              14.35011196136486
            ],
            [
              101.15836334228544,
              14.35107135772705
            ],
            [
              101.15854644775419,
              14.352540969848633
            ],
            [
              101.15894317626947,
              14.353560447692985
            ],
            [
              101.1592025756836,
              14.354469299316634
            ],
            [
              101.15923309326178,
              14.354958534240666
            ],
            [
              101.15924835205084,
              14.355448722839355
            ],
            [
              101.1591567993164,
              14.356351852417049
            ],
            [
              101.1590194702149,
              14.356760025024414
            ],
            [
              101.15802764892595,
              14.358539581298885
            ],
            [
              101.15703582763666,
              14.360320091247559
            ],
            [
              101.15589141845697,
              14.362250328064022
            ],
            [
              101.15381622314453,
              14.366180419921818
            ],
            [
              101.15377044677763,
              14.366271018982161
            ],
            [
              101.15315246582037,
              14.367510795593489
            ],
            [
              101.15302276611357,
              14.367740631103572
            ],
            [
              101.15289306640642,
              14.368000984192008
            ],
            [
              101.15273284912115,
              14.368302345275822
            ],
            [
              101.15232086181658,
              14.368780136108512
            ],
            [
              101.15046691894537,
              14.369859695434513
            ],
            [
              101.1490478515625,
              14.371821403503418
            ],
            [
              101.14679718017595,
              14.37288856506359
            ],
            [
              101.14624023437506,
              14.372640609741211
            ],
            [
              101.14520263671903,
              14.372361183166504
            ],
            [
              101.1443710327149,
              14.372399330139217
            ],
            [
              101.14347839355497,
              14.372500419616813
            ],
            [
              101.14225769042974,
              14.37290096282959
            ],
            [
              101.14125061035173,
              14.373189926147404
            ],
            [
              101.14045715332031,
              14.373189926147404
            ],
            [
              101.13947296142607,
              14.373240470886287
            ],
            [
              101.13896179199236,
              14.373430252075309
            ],
            [
              101.13877105712908,
              14.37355041503912
            ],
            [
              101.13809204101568,
              14.373819351196403
            ],
            [
              101.1373825073245,
              14.374211311340389
            ],
            [
              101.13617706298834,
              14.374521255493221
            ],
            [
              101.13416290283203,
              14.375810623168945
            ],
            [
              101.13327789306646,
              14.376210212707633
            ],
            [
              101.13256072998053,
              14.376531600952205
            ],
            [
              101.13195037841803,
              14.376879692077694
            ],
            [
              101.13011932373075,
              14.378471374511776
            ],
            [
              101.12818908691418,
              14.379929542541618
            ],
            [
              101.12767791748047,
              14.380339622497559
            ],
            [
              101.12323760986357,
              14.381549835205021
            ],
            [
              101.12079620361322,
              14.382021903991756
            ],
            [
              101.11952209472673,
              14.382269859314022
            ],
            [
              101.116020202637,
              14.382479667663517
            ],
            [
              101.1075973510745,
              14.381918907165584
            ],
            [
              101.10378265380888,
              14.381720542907942
            ],
            [
              101.10119628906267,
              14.381621360778752
            ],
            [
              101.09847259521513,
              14.381200790405217
            ],
            [
              101.09577178955107,
              14.381010055541935
            ],
            [
              101.09297943115251,
              14.38047027587902
            ],
            [
              101.08973693847673,
              14.381110191345215
            ],
            [
              101.08925628662115,
              14.381200790405217
            ],
            [
              101.08773803710943,
              14.381510734558049
            ],
            [
              101.08637237548834,
              14.38311958313011
            ],
            [
              101.08611297607439,
              14.383429527282942
            ],
            [
              101.08566284179716,
              14.383979797363281
            ],
            [
              101.08525085449224,
              14.384381294250602
            ],
            [
              101.08432006835949,
              14.384711265563965
            ],
            [
              101.08312988281256,
              14.384980201721248
            ],
            [
              101.08223724365263,
              14.385311126709098
            ],
            [
              101.08125305175787,
              14.385590553283748
            ],
            [
              101.08049011230474,
              14.386019706726131
            ],
            [
              101.07975769042997,
              14.386550903320426
            ],
            [
              101.0791702270509,
              14.387110710144043
            ],
            [
              101.07907104492205,
              14.387200355529728
            ],
            [
              101.07847595214844,
              14.387751579284725
            ],
            [
              101.07807922363276,
              14.388079643249569
            ],
            [
              101.07697296142595,
              14.389389991760481
            ],
            [
              101.07559204101557,
              14.39206790924095
            ],
            [
              101.07444763183588,
              14.39546203613287
            ],
            [
              101.07428741455095,
              14.395919799804801
            ],
            [
              101.07383728027372,
              14.397850990295524
            ],
            [
              101.07369995117188,
              14.398400306701774
            ],
            [
              101.07299041748047,
              14.40050983428955
            ],
            [
              101.07292175292963,
              14.400731086731014
            ],
            [
              101.07312011718744,
              14.403130531311263
            ],
            [
              101.07205200195318,
              14.404530525207576
            ],
            [
              101.07122039794922,
              14.404911041259993
            ],
            [
              101.07032775878912,
              14.405499458313045
            ],
            [
              101.06964111328153,
              14.405970573425293
            ],
            [
              101.06920623779303,
              14.406380653381404
            ],
            [
              101.06906127929699,
              14.40664100646984
            ],
            [
              101.06864929199224,
              14.406990051269645
            ],
            [
              101.06790924072277,
              14.407691955566463
            ],
            [
              101.06739044189447,
              14.40824985504156
            ],
            [
              101.066650390625,
              14.408802032470817
            ],
            [
              101.06594085693365,
              14.409460067749023
            ],
            [
              101.06536102294922,
              14.410560607910213
            ],
            [
              101.06481170654303,
              14.411789894103947
            ],
            [
              101.06418609619158,
              14.412591934204045
            ],
            [
              101.06358337402338,
              14.41305923461914
            ],
            [
              101.0632095336914,
              14.413229942321891
            ],
            [
              101.06269073486328,
              14.413190841674862
            ],
            [
              101.06185913085932,
              14.412911415100211
            ],
            [
              101.06124877929716,
              14.412380218505916
            ],
            [
              101.06066131591808,
              14.411919593811092
            ],
            [
              101.06024932861334,
              14.411750793457145
            ],
            [
              101.05969238281256,
              14.411850929260254
            ],
            [
              101.05914306640636,
              14.412240982055664
            ],
            [
              101.05850982666021,
              14.412719726562443
            ],
            [
              101.05773162841797,
              14.412719726562443
            ],
            [
              101.05709075927729,
              14.412300109863395
            ],
            [
              101.05651092529325,
              14.41203975677513
            ],
            [
              101.05638885498064,
              14.411990165710563
            ],
            [
              101.05792999267584,
              14.40907096862793
            ],
            [
              101.05792999267584,
              14.408420562744254
            ],
            [
              101.05795288085943,
              14.405861854553336
            ],
            [
              101.05818939208996,
              14.40254116058361
            ],
            [
              101.05834197998053,
              14.401911735534782
            ],
            [
              101.05883026123047,
              14.399941444397086
            ],
            [
              101.05908966064459,
              14.39929103851324
            ],
            [
              101.05934906005888,
              14.398571014404297
            ],
            [
              101.05950164794928,
              14.397830009460677
            ],
            [
              101.05957031249994,
              14.39703178405756
            ],
            [
              101.05934906005888,
              14.396209716796932
            ],
            [
              101.0587921142581,
              14.395501136780013
            ],
            [
              101.05828857421892,
              14.394881248474348
            ],
            [
              101.05773925781256,
              14.394251823425407
            ],
            [
              101.05693817138689,
              14.393361091613883
            ],
            [
              101.05647277832043,
              14.392480850219783
            ],
            [
              101.05613708496088,
              14.391341209411564
            ],
            [
              101.05606842041021,
              14.39019870758068
            ],
            [
              101.0565414428711,
              14.38970947265625
            ],
            [
              101.05689239501982,
              14.38921928405756
            ],
            [
              101.05703735351574,
              14.3883895874024
            ],
            [
              101.05728149414057,
              14.38762187957758
            ],
            [
              101.05754089355469,
              14.38683986663824
            ],
            [
              101.0580368041995,
              14.385460853576774
            ],
            [
              101.05858612060575,
              14.384401321411133
            ],
            [
              101.05953216552763,
              14.383220672607536
            ],
            [
              101.06028747558605,
              14.382479667663517
            ],
            [
              101.06133270263689,
              14.381431579589957
            ],
            [
              101.06217193603521,
              14.380628585815373
            ],
            [
              101.0625686645509,
              14.380029678344727
            ],
            [
              101.06288146972656,
              14.37959003448492
            ],
            [
              101.06302642822266,
              14.37937068939209
            ],
            [
              101.06379699707048,
              14.378232002258528
            ],
            [
              101.06447601318371,
              14.377010345458984
            ],
            [
              101.06462097167974,
              14.376298904419059
            ],
            [
              101.0645980834961,
              14.376059532165641
            ],
            [
              101.06449127197294,
              14.375359535217228
            ],
            [
              101.06423187255865,
              14.374170303344783
            ],
            [
              101.06388092041021,
              14.372950553894043
            ],
            [
              101.06388092041021,
              14.371879577636832
            ],
            [
              101.06404113769537,
              14.371289253234863
            ],
            [
              101.06426239013678,
              14.370711326599235
            ],
            [
              101.06445312500006,
              14.370128631591797
            ],
            [
              101.0646591186524,
              14.369090080261344
            ],
            [
              101.06466674804699,
              14.368209838867244
            ],
            [
              101.0645980834961,
              14.367171287536621
            ],
            [
              101.064506530762,
              14.366320610046387
            ],
            [
              101.0643463134765,
              14.365490913391227
            ],
            [
              101.06408691406256,
              14.364510536193848
            ],
            [
              101.06400299072283,
              14.363250732421932
            ],
            [
              101.06388092041021,
              14.362120628357047
            ],
            [
              101.06365203857428,
              14.36100101470953
            ],
            [
              101.06356048584013,
              14.360289573669434
            ],
            [
              101.06346893310553,
              14.359480857849064
            ],
            [
              101.06343078613298,
              14.358811378479004
            ],
            [
              101.0633926391601,
              14.357750892639217
            ],
            [
              101.06333160400402,
              14.356871604919434
            ],
            [
              101.06307220458984,
              14.355939865112532
            ],
            [
              101.06285095214861,
              14.3548202514649
            ],
            [
              101.06275177001959,
              14.354291915893668
            ],
            [
              101.0623626708985,
              14.35278129577631
            ],
            [
              101.06215667724615,
              14.351691246032715
            ],
            [
              101.06191253662126,
              14.350010871887434
            ],
            [
              101.061820983887,
              14.349061012268066
            ],
            [
              101.06165313720732,
              14.34829139709484
            ],
            [
              101.06124877929716,
              14.34722042083746
            ],
            [
              101.06095123291033,
              14.346590042114201
            ],
            [
              101.06051635742216,
              14.345851898193473
            ],
            [
              101.05969238281256,
              14.344600677490234
            ],
            [
              101.05915069580107,
              14.34352970123291
            ],
            [
              101.05890655517584,
              14.343110084533805
            ],
            [
              101.05815124511724,
              14.342539787292537
            ],
            [
              101.05774688720709,
              14.342109680175895
            ],
            [
              101.0574188232423,
              14.341739654541016
            ],
            [
              101.05692291259766,
              14.341060638427848
            ],
            [
              101.05605316162115,
              14.339950561523494
            ],
            [
              101.05523681640642,
              14.339131355285872
            ],
            [
              101.05435943603521,
              14.338341712951774
            ],
            [
              101.05356597900396,
              14.337660789489973
            ],
            [
              101.05281066894537,
              14.336970329284725
            ],
            [
              101.05242156982428,
              14.336701393127441
            ],
            [
              101.0519409179687,
              14.33635044097906
            ],
            [
              101.05123138427751,
              14.335809707641658
            ],
            [
              101.05071258544928,
              14.33525180816656
            ],
            [
              101.04992675781256,
              14.334420204162598
            ],
            [
              101.04946899414057,
              14.333971023559684
            ],
            [
              101.048881530762,
              14.333390235900993
            ],
            [
              101.04814147949219,
              14.332421302795524
            ],
            [
              101.04801940917974,
              14.332341194152946
            ],
            [
              101.04740905761736,
              14.331771850586165
            ],
            [
              101.04641723632807,
              14.331180572509709
            ],
            [
              101.04371643066435,
              14.329230308532715
            ],
            [
              101.03971099853544,
              14.3263196945191
            ],
            [
              101.03321838378935,
              14.320270538330192
            ],
            [
              101.03128051757818,
              14.318751335144157
            ],
            [
              101.02997589111357,
              14.316239356994572
            ],
            [
              101.02793884277361,
              14.315039634704533
            ],
            [
              101.02703094482428,
              14.311760902405013
            ],
            [
              101.02471160888689,
              14.309009552002067
            ],
            [
              101.0232009887697,
              14.307020187377873
            ],
            [
              101.02069854736345,
              14.302169799804688
            ],
            [
              101.0174102783206,
              14.300759315490836
            ],
            [
              101.00868988037126,
              14.299580574035645
            ],
            [
              101.00444030761747,
              14.298802375793457
            ],
            [
              100.99974822998047,
              14.297909736633358
            ],
            [
              100.99780273437517,
              14.299011230468864
            ],
            [
              100.99317169189482,
              14.297320365905989
            ],
            [
              100.99022674560553,
              14.296771049499569
            ],
            [
              100.99032592773466,
              14.296059608459473
            ],
            [
              100.99051666259794,
              14.29463100433344
            ],
            [
              100.9906692504884,
              14.293561935424862
            ],
            [
              100.99108886718778,
              14.290539741516227
            ],
            [
              100.99088287353544,
              14.288791656494254
            ],
            [
              100.99056243896501,
              14.287920951843262
            ],
            [
              100.98895263671886,
              14.286371231079102
            ],
            [
              100.9865798950197,
              14.287569999694881
            ],
            [
              100.98580169677751,
              14.28921985626232
            ],
            [
              100.98551177978527,
              14.289849281311092
            ],
            [
              100.98140716552751,
              14.290300369262809
            ],
            [
              100.97776794433594,
              14.290019989013672
            ],
            [
              100.97766876220709,
              14.290149688720817
            ],
            [
              100.9765014648438,
              14.293130874633903
            ],
            [
              100.97432708740234,
              14.295431137084961
            ],
            [
              100.97238159179716,
              14.297440528869686
            ],
            [
              100.9721298217774,
              14.298660278320256
            ],
            [
              100.97212219238287,
              14.29889011383051
            ],
            [
              100.97197723388683,
              14.29972171783453
            ],
            [
              100.97183227539057,
              14.300370216369743
            ],
            [
              100.97170257568376,
              14.301131248474064
            ],
            [
              100.97171783447271,
              14.301820755004883
            ],
            [
              100.9716567993164,
              14.302861213684082
            ],
            [
              100.97162628173857,
              14.303111076355094
            ],
            [
              100.97158050537115,
              14.303400993347225
            ],
            [
              100.97132873535156,
              14.303661346435604
            ],
            [
              100.9707870483399,
              14.303999900817871
            ],
            [
              100.97016906738298,
              14.304109573364258
            ],
            [
              100.9685821533206,
              14.304162025451717
            ],
            [
              100.96560668945312,
              14.304209709167537
            ],
            [
              100.96543121337896,
              14.304141998291016
            ],
            [
              100.9649887084961,
              14.303991317749023
            ],
            [
              100.9647827148437,
              14.303999900817871
            ],
            [
              100.96424865722673,
              14.304009437561149
            ],
            [
              100.96349334716814,
              14.30410099029541
            ],
            [
              100.96264648437528,
              14.30437183380127
            ],
            [
              100.96186828613293,
              14.304529190063533
            ],
            [
              100.9612121582033,
              14.30475044250494
            ],
            [
              100.96026611328125,
              14.30502128601097
            ],
            [
              100.9594268798831,
              14.305350303649902
            ],
            [
              100.95857238769537,
              14.305850982666016
            ],
            [
              100.95774841308611,
              14.30621147155773
            ],
            [
              100.95706939697271,
              14.30663013458252
            ],
            [
              100.95654296875028,
              14.307258605956974
            ],
            [
              100.95642089843767,
              14.307490348816032
            ],
            [
              100.95623016357439,
              14.307792663574332
            ],
            [
              100.95539093017607,
              14.307979583740234
            ],
            [
              100.95475769042974,
              14.307710647583008
            ],
            [
              100.95407104492216,
              14.307010650634766
            ],
            [
              100.9537429809572,
              14.306559562683049
            ],
            [
              100.95333099365229,
              14.306310653686523
            ],
            [
              100.95282745361328,
              14.306279182434082
            ],
            [
              100.95220947265625,
              14.306380271911848
            ],
            [
              100.95172882080084,
              14.30652999877941
            ],
            [
              100.9510803222658,
              14.30669021606468
            ],
            [
              100.9509963989259,
              14.303751945495605
            ],
            [
              100.95044708251982,
              14.292830467224348
            ],
            [
              100.94834136962919,
              14.291421890258903
            ],
            [
              100.94808959960943,
              14.290920257568473
            ],
            [
              100.94796752929716,
              14.290701866149902
            ],
            [
              100.9479522705081,
              14.289679527282658
            ],
            [
              100.94792938232428,
              14.289242744445744
            ],
            [
              100.94789123535162,
              14.288971900939885
            ],
            [
              100.94760894775385,
              14.288481712341422
            ],
            [
              100.94725036621094,
              14.287820816040153
            ],
            [
              100.9469070434572,
              14.287241935730094
            ],
            [
              100.94682312011747,
              14.28700923919672
            ],
            [
              100.94738769531278,
              14.284621238708553
            ],
            [
              100.9483795166015,
              14.280341148376408
            ],
            [
              100.9506072998048,
              14.277291297912711
            ],
            [
              100.95291137695341,
              14.275251388549862
            ],
            [
              100.95295715332026,
              14.274190902710075
            ],
            [
              100.95298004150408,
              14.27380180358898
            ],
            [
              100.95298004150408,
              14.273229598999137
            ],
            [
              100.95298004150408,
              14.27239990234375
            ],
            [
              100.95289611816418,
              14.27198123931879
            ],
            [
              100.93681335449224,
              14.26292991638195
            ],
            [
              100.91082000732422,
              14.250481605529785
            ],
            [
              100.89441680908203,
              14.243120193481673
            ],
            [
              100.892807006836,
              14.250481605529785
            ],
            [
              100.89289093017578,
              14.258210182190055
            ],
            [
              100.89250183105469,
              14.27328014373802
            ],
            [
              100.88810729980463,
              14.272102355957145
            ],
            [
              100.87268066406267,
              14.26476955413824
            ],
            [
              100.87048339843756,
              14.2637300491333
            ],
            [
              100.84712219238298,
              14.2527112960816
            ],
            [
              100.84236145019548,
              14.250491142272892
            ],
            [
              100.83892822265642,
              14.248841285705623
            ],
            [
              100.83374023437494,
              14.246641159057674
            ],
            [
              100.82756042480474,
              14.243379592895621
            ],
            [
              100.82534027099638,
              14.242641448974723
            ],
            [
              100.82447814941412,
              14.244409561157227
            ],
            [
              100.82437896728544,
              14.250481605529785
            ],
            [
              100.82431793212896,
              14.253470420837402
            ],
            [
              100.82444000244158,
              14.268349647522086
            ],
            [
              100.8244018554687,
              14.27404975891119
            ],
            [
              100.82434082031261,
              14.283201217651367
            ],
            [
              100.82431793212896,
              14.292222023010254
            ],
            [
              100.82434082031261,
              14.293860435485954
            ],
            [
              100.82435607910185,
              14.299740791320744
            ],
            [
              100.82444763183611,
              14.313440322875977
            ],
            [
              100.82438659667997,
              14.326290130615234
            ],
            [
              100.82285308837919,
              14.328290939331282
            ],
            [
              100.8207321166995,
              14.32763862609869
            ],
            [
              100.81780242919928,
              14.327700614929313
            ],
            [
              100.81604003906267,
              14.325100898742619
            ],
            [
              100.81336975097673,
              14.32427978515625
            ],
            [
              100.80522918701178,
              14.324330329895133
            ],
            [
              100.80030822753918,
              14.324069976806697
            ],
            [
              100.7977371215822,
              14.323420524597225
            ],
            [
              100.79498291015653,
              14.322541236877385
            ],
            [
              100.79161834716814,
              14.321950912475586
            ],
            [
              100.78865051269537,
              14.321519851684798
            ],
            [
              100.78408813476568,
              14.322121620178336
            ],
            [
              100.78166198730497,
              14.323370933532772
            ],
            [
              100.77945709228521,
              14.323760032653865
            ],
            [
              100.77732849121111,
              14.32437992095953
            ],
            [
              100.77538299560541,
              14.325340270996207
            ],
            [
              100.77387237548828,
              14.326972007751692
            ],
            [
              100.77478790283232,
              14.329830169677848
            ],
            [
              100.77626800537115,
              14.331399917602539
            ],
            [
              100.77809906005876,
              14.332850456237907
            ],
            [
              100.7798690795899,
              14.334600448608455
            ],
            [
              100.78138732910162,
              14.336750984191838
            ],
            [
              100.78336334228544,
              14.33854961395275
            ],
            [
              100.783676147461,
              14.33939075469982
            ],
            [
              100.78437805175798,
              14.341261863708553
            ],
            [
              100.78505706787121,
              14.346200942993107
            ],
            [
              100.78594207763678,
              14.349618911743278
            ],
            [
              100.786636352539,
              14.352281570434684
            ],
            [
              100.78872680664057,
              14.354170799255371
            ],
            [
              100.79003143310575,
              14.35535144805931
            ],
            [
              100.79142761230486,
              14.357250213623104
            ],
            [
              100.79171752929693,
              14.358149528503475
            ],
            [
              100.79177856445307,
              14.358460426330566
            ],
            [
              100.79355621337908,
              14.361701011657772
            ],
            [
              100.78984069824247,
              14.362429618835563
            ],
            [
              100.78958129882818,
              14.362730979919377
            ],
            [
              100.78803253173828,
              14.364600181579704
            ],
            [
              100.78785705566412,
              14.366730690002555
            ],
            [
              100.78775024414091,
              14.368089675903434
            ],
            [
              100.7882690429688,
              14.370961189270076
            ],
            [
              100.78859710693376,
              14.371899604797363
            ],
            [
              100.78778839111328,
              14.37356185913086
            ],
            [
              100.78700256347685,
              14.37384033203125
            ],
            [
              100.78642272949247,
              14.375680923462141
            ],
            [
              100.78665924072283,
              14.376130104064885
            ],
            [
              100.78642272949247,
              14.378030776977653
            ],
            [
              100.7884368896485,
              14.378361701965332
            ],
            [
              100.788803100586,
              14.378410339355469
            ],
            [
              100.78926849365263,
              14.378492355346793
            ],
            [
              100.79003143310575,
              14.380180358886719
            ],
            [
              100.79012298584001,
              14.38037014007574
            ],
            [
              100.79158782958979,
              14.381559371948356
            ],
            [
              100.79258728027361,
              14.383379936218375
            ],
            [
              100.7928314208985,
              14.38425064086914
            ],
            [
              100.79350280761713,
              14.38611125946045
            ],
            [
              100.79371643066423,
              14.386798858642805
            ],
            [
              100.79621887207048,
              14.388179779052848
            ],
            [
              100.79798889160162,
              14.389181137085075
            ],
            [
              100.79672241210966,
              14.39076042175293
            ],
            [
              100.79479980468778,
              14.392552375793514
            ],
            [
              100.79107666015642,
              14.393830299377555
            ],
            [
              100.78901672363287,
              14.394030570983944
            ],
            [
              100.7867965698245,
              14.39429092407238
            ],
            [
              100.78456878662126,
              14.395750999450684
            ],
            [
              100.78256225585943,
              14.396980285644588
            ],
            [
              100.78212738037115,
              14.398210525512752
            ],
            [
              100.78279876709013,
              14.39960956573492
            ],
            [
              100.78320312499994,
              14.400419235229606
            ],
            [
              100.78291320800787,
              14.403930664062614
            ],
            [
              100.78256225585943,
              14.406390190124569
            ],
            [
              100.78185272216825,
              14.407638549804688
            ],
            [
              100.78156280517584,
              14.408161163330305
            ],
            [
              100.78070831298857,
              14.40892028808588
            ],
            [
              100.77796936035162,
              14.409749984741268
            ],
            [
              100.77588653564459,
              14.408102035522404
            ],
            [
              100.77427673339861,
              14.405941009521598
            ],
            [
              100.77081298828125,
              14.405711174011344
            ],
            [
              100.76860046386724,
              14.406481742859
            ],
            [
              100.76608276367205,
              14.407470703125057
            ],
            [
              100.76477050781256,
              14.408270835876579
            ],
            [
              100.76220703125028,
              14.409749984741268
            ],
            [
              100.76110839843767,
              14.411590576171818
            ],
            [
              100.76068878173822,
              14.412550926208496
            ],
            [
              100.76212310791021,
              14.414120674133358
            ],
            [
              100.76403808593756,
              14.41515064239502
            ],
            [
              100.76637268066435,
              14.416330337524471
            ],
            [
              100.76799774169939,
              14.418419837951774
            ],
            [
              100.76914978027344,
              14.420391082763729
            ],
            [
              100.7693710327149,
              14.420769691467228
            ],
            [
              100.76965332031244,
              14.423151016235408
            ],
            [
              100.76963043212919,
              14.423931121826172
            ],
            [
              100.76937866210943,
              14.425482749938908
            ],
            [
              100.76927947998041,
              14.425950050354004
            ],
            [
              100.76873016357439,
              14.427380561828613
            ],
            [
              100.76847839355497,
              14.428201675415153
            ],
            [
              100.76783752441412,
              14.430179595947209
            ],
            [
              100.76751708984403,
              14.431041717529524
            ],
            [
              100.76828002929716,
              14.431779861450252
            ],
            [
              100.76906585693388,
              14.432530403137207
            ],
            [
              100.77079010009794,
              14.433320999145621
            ],
            [
              100.7684860229495,
              14.439911842346248
            ],
            [
              100.7654800415039,
              14.444339752197266
            ],
            [
              100.76457977294928,
              14.445671081543082
            ],
            [
              100.76377105712908,
              14.446761131286848
            ],
            [
              100.76302337646501,
              14.447809219360408
            ],
            [
              100.76264953613298,
              14.45034122467041
            ],
            [
              100.76439666748053,
              14.451870918273983
            ],
            [
              100.76535034179693,
              14.45177936553955
            ],
            [
              100.76666259765642,
              14.451930046081543
            ],
            [
              100.76759338378923,
              14.453750610351562
            ],
            [
              100.76772308349638,
              14.45460128784174
            ],
            [
              100.76776123046875,
              14.456439971923885
            ],
            [
              100.76786804199224,
              14.457480430603141
            ],
            [
              100.76859283447271,
              14.459858894348201
            ],
            [
              100.76972961425787,
              14.46105098724371
            ],
            [
              100.77121734619158,
              14.46338939666748
            ],
            [
              100.77140045166033,
              14.4643812179566
            ],
            [
              100.7703475952149,
              14.466320037841854
            ],
            [
              100.76933288574236,
              14.467161178588924
            ],
            [
              100.76896667480474,
              14.468909263610897
            ],
            [
              100.76965332031244,
              14.470219612121696
            ],
            [
              100.77011108398443,
              14.47091102600109
            ],
            [
              100.77005767822266,
              14.47307109832758
            ],
            [
              100.76882934570318,
              14.474479675293082
            ],
            [
              100.7685623168947,
              14.474599838256893
            ],
            [
              100.76786804199224,
              14.475250244140739
            ],
            [
              100.7674331665039,
              14.476590156555176
            ],
            [
              100.76896667480474,
              14.477390289306868
            ],
            [
              100.76922607421886,
              14.477331161498967
            ],
            [
              100.77165222167974,
              14.477549552917537
            ],
            [
              100.77275848388689,
              14.477800369262809
            ],
            [
              100.77313232421892,
              14.477930068969783
            ],
            [
              100.77410888671875,
              14.478252410888615
            ],
            [
              100.77406311035156,
              14.478751182556152
            ],
            [
              100.77369689941423,
              14.481901168823356
            ],
            [
              100.77123260498064,
              14.482040405273494
            ],
            [
              100.76821136474615,
              14.481781959533805
            ],
            [
              100.76596832275396,
              14.482770919799862
            ],
            [
              100.76657104492216,
              14.485600471496639
            ],
            [
              100.76798248291033,
              14.48727035522461
            ],
            [
              100.77070617675787,
              14.488780975341797
            ],
            [
              100.77156066894526,
              14.489259719848576
            ],
            [
              100.77182006835938,
              14.489400863647461
            ],
            [
              100.77259063720709,
              14.490661621093807
            ],
            [
              100.7727279663086,
              14.49215030670166
            ],
            [
              100.77072143554693,
              14.493890762329102
            ],
            [
              100.76963043212919,
              14.495089530944881
            ],
            [
              100.76895904541016,
              14.495820999145565
            ],
            [
              100.76667022705078,
              14.496492385864371
            ],
            [
              100.76625823974626,
              14.494151115417708
            ],
            [
              100.76493072509783,
              14.491881370544434
            ],
            [
              100.7622299194336,
              14.493149757385481
            ],
            [
              100.76167297363298,
              14.493410110473746
            ],
            [
              100.76145935058588,
              14.494661331176758
            ],
            [
              100.76130676269548,
              14.495540618896541
            ],
            [
              100.76042938232428,
              14.498039245605469
            ],
            [
              100.76003265380865,
              14.499469757080078
            ],
            [
              100.75975799560547,
              14.500450134277457
            ],
            [
              100.7596893310548,
              14.500851631164608
            ],
            [
              100.75911712646496,
              14.502281188965071
            ],
            [
              100.75773620605474,
              14.503251075744686
            ],
            [
              100.75698852539068,
              14.503590583801383
            ],
            [
              100.75482177734392,
              14.504021644592513
            ],
            [
              100.75305175781278,
              14.505069732666072
            ],
            [
              100.75160217285156,
              14.506581306457576
            ],
            [
              100.75015258789074,
              14.509190559387207
            ],
            [
              100.74967956542986,
              14.51152038574213
            ],
            [
              100.74938201904308,
              14.51373100280773
            ],
            [
              100.74942016601591,
              14.516390800476074
            ],
            [
              100.75173950195312,
              14.517231941223145
            ],
            [
              100.75376892089855,
              14.51744079589838
            ],
            [
              100.75623321533209,
              14.517760276794547
            ],
            [
              100.7584228515625,
              14.517801284790096
            ],
            [
              100.76056671142578,
              14.517801284790096
            ],
            [
              100.76194000244146,
              14.519560813903809
            ],
            [
              100.76312255859386,
              14.521249771118278
            ],
            [
              100.763656616211,
              14.521458625793514
            ],
            [
              100.76410675048857,
              14.521961212158203
            ],
            [
              100.76441192626959,
              14.521768569946346
            ],
            [
              100.7672958374024,
              14.522919654846248
            ],
            [
              100.76975250244146,
              14.523360252380371
            ],
            [
              100.77065277099626,
              14.523840904235897
            ],
            [
              100.77182006835938,
              14.524491310119743
            ],
            [
              100.77240753173834,
              14.524909973144531
            ],
            [
              100.77352905273455,
              14.525529861450195
            ],
            [
              100.77426147460955,
              14.525800704956055
            ],
            [
              100.7763214111331,
              14.525390625000057
            ],
            [
              100.77777862548834,
              14.52689075469982
            ],
            [
              100.77825164794922,
              14.527499198913574
            ],
            [
              100.7796478271485,
              14.529350280761776
            ],
            [
              100.780532836914,
              14.5304212570191
            ],
            [
              100.78038024902361,
              14.532871246337947
            ],
            [
              100.78112030029297,
              14.535091400146428
            ],
            [
              100.7807693481447,
              14.537549972534237
            ],
            [
              100.77982330322283,
              14.540201187133789
            ],
            [
              100.7794799804688,
              14.541180610656852
            ],
            [
              100.77816772460943,
              14.543919563293457
            ],
            [
              100.77687072753935,
              14.547060966491813
            ],
            [
              100.7766571044923,
              14.549650192260742
            ],
            [
              100.7772064208985,
              14.551622390747013
            ],
            [
              100.77816772460943,
              14.554199218750114
            ],
            [
              100.77922821044939,
              14.55614089965826
            ],
            [
              100.78109741210932,
              14.557191848754883
            ],
            [
              100.782699584961,
              14.559251785278263
            ],
            [
              100.78308105468756,
              14.561880111694336
            ],
            [
              100.78334808349638,
              14.56404972076416
            ],
            [
              100.78386688232428,
              14.566540718078727
            ],
            [
              100.77967834472662,
              14.565899848938216
            ],
            [
              100.77719116210943,
              14.56602954864519
            ],
            [
              100.77480316162104,
              14.56571102142334
            ],
            [
              100.77095794677763,
              14.564890861511458
            ],
            [
              100.76864624023449,
              14.56520080566429
            ],
            [
              100.76394653320312,
              14.56782245636009
            ],
            [
              100.76000976562506,
              14.568370819092024
            ],
            [
              100.7594604492188,
              14.568442344665755
            ],
            [
              100.75698852539068,
              14.568840026855526
            ],
            [
              100.7533798217774,
              14.568819999694767
            ],
            [
              100.75154113769526,
              14.568801879882812
            ],
            [
              100.74777984619158,
              14.568741798400993
            ],
            [
              100.74320220947283,
              14.568741798400993
            ],
            [
              100.73651885986345,
              14.575361251831168
            ],
            [
              100.731430053711,
              14.580421447753906
            ],
            [
              100.73116302490251,
              14.570118904113997
            ],
            [
              100.72537231445341,
              14.57020092010498
            ],
            [
              100.71743011474626,
              14.570322036743107
            ],
            [
              100.7162399291995,
              14.579080581665153
            ],
            [
              100.70688629150419,
              14.576402664184684
            ],
            [
              100.70326995849638,
              14.575361251831168
            ],
            [
              100.70201873779303,
              14.572539329528752
            ],
            [
              100.69211578369146,
              14.582791328430119
            ],
            [
              100.67556762695324,
              14.58024120330822
            ],
            [
              100.67739105224626,
              14.57471084594755
            ],
            [
              100.67318725585955,
              14.574840545654524
            ],
            [
              100.67230987548834,
              14.56516170501709
            ],
            [
              100.6699829101563,
              14.559420585632608
            ],
            [
              100.66990661621088,
              14.556711196899471
            ],
            [
              100.67205047607439,
              14.553360939025879
            ],
            [
              100.66989898681635,
              14.552451133728084
            ],
            [
              100.66787719726568,
              14.551770210266113
            ],
            [
              100.66188049316435,
              14.54975891113287
            ],
            [
              100.65595245361357,
              14.548899650573958
            ],
            [
              100.64962768554699,
              14.548569679260254
            ],
            [
              100.640678405762,
              14.549160003662223
            ],
            [
              100.63475799560558,
              14.55085086822504
            ],
            [
              100.62940979003918,
              14.552260398864803
            ],
            [
              100.62592315673834,
              14.553401947021428
            ],
            [
              100.625,
              14.553700447082576
            ],
            [
              100.62493896484392,
              14.553300857544059
            ],
            [
              100.62380218505876,
              14.553179740905705
            ],
            [
              100.62113189697283,
              14.552800178527946
            ],
            [
              100.61640930175787,
              14.552459716796932
            ],
            [
              100.61305236816435,
              14.552410125732536
            ],
            [
              100.60936737060553,
              14.552359580993652
            ],
            [
              100.60549926757812,
              14.552861213684082
            ],
            [
              100.60305786132818,
              14.554080963134822
            ],
            [
              100.60256195068388,
              14.554341316223258
            ],
            [
              100.60272216796903,
              14.555562019348145
            ],
            [
              100.60292053222685,
              14.557029724121321
            ],
            [
              100.60308837890636,
              14.558629989624023
            ],
            [
              100.60315704345703,
              14.560550689697493
            ],
            [
              100.60330200195341,
              14.563080787658691
            ],
            [
              100.60395812988298,
              14.565530776977653
            ],
            [
              100.60426330566435,
              14.567660331726188
            ],
            [
              100.60436248779303,
              14.569989204406852
            ],
            [
              100.60401916503912,
              14.572380065917912
            ],
            [
              100.60411834716797,
              14.574590682983512
            ],
            [
              100.6045532226563,
              14.576588630676326
            ],
            [
              100.60246276855474,
              14.578250885009766
            ],
            [
              100.59947204589855,
              14.579711914062557
            ],
            [
              100.59889221191418,
              14.579990386962947
            ],
            [
              100.59747314453142,
              14.58147144317627
            ],
            [
              100.59535217285173,
              14.58234024047863
            ],
            [
              100.59403991699236,
              14.583860397338924
            ],
            [
              100.59114837646484,
              14.584521293640137
            ],
            [
              100.58674621582026,
              14.586171150207633
            ],
            [
              100.58603668212908,
              14.586669921874943
            ],
            [
              100.58448791503923,
              14.587560653686637
            ],
            [
              100.58200836181658,
              14.588980674743652
            ],
            [
              100.58010101318376,
              14.590890884399528
            ],
            [
              100.57814788818388,
              14.593391418457031
            ],
            [
              100.57676696777355,
              14.594869613647461
            ],
            [
              100.57660675048857,
              14.595041275024471
            ],
            [
              100.57656860351568,
              14.596039772033635
            ],
            [
              100.57740020751947,
              14.597110748291016
            ],
            [
              100.57758331298822,
              14.59734058380127
            ],
            [
              100.57871246337919,
              14.597709655761832
            ],
            [
              100.579116821289,
              14.600231170654524
            ],
            [
              100.57785034179693,
              14.602430343628043
            ],
            [
              100.57820892334001,
              14.605701446533203
            ],
            [
              100.57882690429693,
              14.608051300049055
            ],
            [
              100.57942199707037,
              14.610480308532829
            ],
            [
              100.57982635498058,
              14.612251281738281
            ],
            [
              100.580322265625,
              14.614330291748104
            ],
            [
              100.5807495117188,
              14.616201400756779
            ],
            [
              100.5810089111331,
              14.617570877075309
            ],
            [
              100.58239746093767,
              14.61988162994379
            ],
            [
              100.58307647705107,
              14.62118053436302
            ],
            [
              100.58338928222662,
              14.624691009521598
            ],
            [
              100.58489990234375,
              14.627979278564396
            ],
            [
              100.58625030517584,
              14.630901336669922
            ],
            [
              100.58669281005871,
              14.631621360778922
            ],
            [
              100.58740234375006,
              14.632580757141056
            ],
            [
              100.5882720947265,
              14.633790969848746
            ],
            [
              100.5892333984375,
              14.634969711303768
            ],
            [
              100.59020233154314,
              14.636220932006779
            ],
            [
              100.59084320068365,
              14.637029647827148
            ],
            [
              100.59176635742188,
              14.638121604919547
            ],
            [
              100.59284210205072,
              14.639421463012695
            ],
            [
              100.59451293945324,
              14.641539573669547
            ],
            [
              100.59549713134794,
              14.642839431762695
            ],
            [
              100.59693145751959,
              14.6445827484132
            ],
            [
              100.59835052490263,
              14.646289825439396
            ],
            [
              100.59984588623058,
              14.648160934448299
            ],
            [
              100.60053253173845,
              14.649010658264217
            ],
            [
              100.60169982910162,
              14.650561332702864
            ],
            [
              100.60263061523455,
              14.651860237121582
            ],
            [
              100.60337829589861,
              14.653050422668457
            ],
            [
              100.60388183593778,
              14.653731346130428
            ],
            [
              100.61650848388672,
              14.663150787353572
            ],
            [
              100.61914062500028,
              14.665879249572754
            ],
            [
              100.62394714355469,
              14.672041893005428
            ],
            [
              100.62758636474626,
              14.677050590515194
            ],
            [
              100.6212005615235,
              14.688340187072868
            ],
            [
              100.6153869628908,
              14.700110435485954
            ],
            [
              100.61074829101591,
              14.703551292419547
            ],
            [
              100.60649108886724,
              14.710692405700684
            ],
            [
              100.60379791259771,
              14.71723937988304
            ],
            [
              100.60677337646479,
              14.718690872192496
            ],
            [
              100.6076278686524,
              14.722522735595817
            ],
            [
              100.61487579345709,
              14.722649574279899
            ],
            [
              100.61718750000006,
              14.720781326294059
            ],
            [
              100.62081909179693,
              14.720810890197754
            ],
            [
              100.62062835693365,
              14.716719627380485
            ],
            [
              100.62902832031261,
              14.715081214904785
            ],
            [
              100.65702056884771,
              14.714180946350098
            ],
            [
              100.66844177246094,
              14.728170394897461
            ],
            [
              100.67056274414068,
              14.730331420898438
            ],
            [
              100.68495178222685,
              14.73705196380638
            ],
            [
              100.68537139892578,
              14.739469528198242
            ],
            [
              100.68580627441412,
              14.741740226745662
            ],
            [
              100.68620300292974,
              14.745721817016658
            ],
            [
              100.68882751464861,
              14.747159957885799
            ],
            [
              100.69313049316435,
              14.75032997131359
            ],
            [
              100.69647979736328,
              14.748729705810547
            ],
            [
              100.70638275146501,
              14.74829006195074
            ],
            [
              100.71224975585932,
              14.748030662536621
            ],
            [
              100.71549987792969,
              14.750249862671012
            ],
            [
              100.72496795654308,
              14.756699562072754
            ],
            [
              100.72714233398438,
              14.759180068969727
            ],
            [
              100.7418518066408,
              14.779100418090877
            ],
            [
              100.74273681640653,
              14.782490730285588
            ],
            [
              100.74282073974626,
              14.793271064758528
            ],
            [
              100.74279785156267,
              14.79650974273676
            ],
            [
              100.74478149414068,
              14.80338191986084
            ],
            [
              100.74784851074224,
              14.804949760436955
            ],
            [
              100.75141143798828,
              14.806730270385685
            ],
            [
              100.75389862060553,
              14.806189537048283
            ],
            [
              100.75611114501947,
              14.803937911987305
            ],
            [
              100.75791168212896,
              14.801309585571232
            ],
            [
              100.76042175292974,
              14.799010276794434
            ],
            [
              100.76509857177734,
              14.79758071899414
            ],
            [
              100.76750946044933,
              14.795801162719727
            ],
            [
              100.77046203613298,
              14.795589447021598
            ],
            [
              100.77723693847668,
              14.793989181518555
            ],
            [
              100.78163909912138,
              14.79432201385498
            ],
            [
              100.78507995605497,
              14.793271064758528
            ],
            [
              100.79067230224626,
              14.7924098968507
            ],
            [
              100.79264831542974,
              14.793849945068416
            ],
            [
              100.80352020263678,
              14.794169425964412
            ],
            [
              100.80716705322271,
              14.794510841369856
            ],
            [
              100.80937194824236,
              14.796501159667969
            ],
            [
              100.80988311767607,
              14.800799369812012
            ],
            [
              100.81228637695318,
              14.802970886230412
            ],
            [
              100.8150177001956,
              14.802419662475586
            ],
            [
              100.82080078125017,
              14.803461074829102
            ],
            [
              100.82344818115229,
              14.802480697631893
            ],
            [
              100.82375335693365,
              14.80254077911377
            ],
            [
              100.82670593261719,
              14.803139686584586
            ],
            [
              100.82891845703136,
              14.802570343017635
            ],
            [
              100.83204650878906,
              14.803231239318848
            ],
            [
              100.8387222290039,
              14.802380561828613
            ],
            [
              100.84108734130865,
              14.800941467285156
            ],
            [
              100.8435668945313,
              14.796111106872559
            ],
            [
              100.84455871582043,
              14.79248142242443
            ],
            [
              100.84483337402361,
              14.791521072387809
            ],
            [
              100.84526062011724,
              14.79164028167736
            ],
            [
              100.84674835205095,
              14.789791107177791
            ],
            [
              100.85013580322294,
              14.786760330200309
            ],
            [
              100.85262298583979,
              14.786512374877873
            ],
            [
              100.85417175292969,
              14.785201072692814
            ],
            [
              100.85707092285173,
              14.784468650817871
            ],
            [
              100.85900115966803,
              14.783830642700252
            ],
            [
              100.86081695556669,
              14.78252124786377
            ],
            [
              100.86209869384771,
              14.780489921569938
            ],
            [
              100.86178588867182,
              14.778450012207088
            ],
            [
              100.86247253417974,
              14.776191711425838
            ],
            [
              100.86331176757807,
              14.772859573364371
            ],
            [
              100.8638916015625,
              14.770291328430119
            ],
            [
              100.86537170410185,
              14.76819038391119
            ],
            [
              100.86714935302751,
              14.766480445862044
            ],
            [
              100.86859130859386,
              14.764860153198299
            ],
            [
              100.8709793090822,
              14.762861251830998
            ],
            [
              100.87296295166021,
              14.761541366577092
            ],
            [
              100.87518310546892,
              14.761921882629395
            ],
            [
              100.87757110595732,
              14.762010574340763
            ],
            [
              100.87966156005871,
              14.762420654296932
            ],
            [
              100.88047790527338,
              14.762580871582031
            ],
            [
              100.8822631835938,
              14.762969970703125
            ],
            [
              100.88317108154314,
              14.763150215148983
            ],
            [
              100.88520050048857,
              14.763150215148983
            ],
            [
              100.88655853271513,
              14.76494026184082
            ],
            [
              100.88745117187506,
              14.7670316696167
            ],
            [
              100.88828277587919,
              14.768920898437557
            ],
            [
              100.88906860351562,
              14.770671844482422
            ],
            [
              100.88979339599638,
              14.770911216735783
            ],
            [
              100.891357421875,
              14.770330429077148
            ],
            [
              100.89314270019537,
              14.768691062927303
            ],
            [
              100.89398193359403,
              14.768461227416992
            ],
            [
              100.89604949951178,
              14.767911911010799
            ],
            [
              100.8981323242188,
              14.768220901489485
            ],
            [
              100.90207672119158,
              14.768059730529899
            ],
            [
              100.90332031250028,
              14.767480850219783
            ],
            [
              100.90550994873064,
              14.76603984832758
            ],
            [
              100.9058609008789,
              14.765711784362793
            ],
            [
              100.90608215332048,
              14.765239715576229
            ],
            [
              100.90673828125011,
              14.762530326843319
            ],
            [
              100.9067993164062,
              14.761441230773983
            ],
            [
              100.9080200195313,
              14.759770393371696
            ],
            [
              100.90831756591791,
              14.759368896484432
            ],
            [
              100.91108703613287,
              14.758020401000977
            ],
            [
              100.91124725341797,
              14.757822036743107
            ],
            [
              100.91188049316412,
              14.75695991516136
            ],
            [
              100.9130325317384,
              14.755702018737907
            ],
            [
              100.91491699218756,
              14.754350662231559
            ],
            [
              100.91636657714861,
              14.753719329833984
            ],
            [
              100.91912078857428,
              14.753561973571777
            ],
            [
              100.92106628417997,
              14.75315189361578
            ],
            [
              100.92250061035156,
              14.752461433410872
            ],
            [
              100.92404937744146,
              14.75172138214117
            ],
            [
              100.92562103271496,
              14.750890731811523
            ],
            [
              100.92642211914091,
              14.750301361083984
            ],
            [
              100.92835235595697,
              14.749382019042912
            ],
            [
              100.92874145507812,
              14.749199867248478
            ],
            [
              100.93019866943371,
              14.749601364135799
            ],
            [
              100.93047332763689,
              14.749659538269043
            ],
            [
              100.93194580078153,
              14.74919128417963
            ],
            [
              100.93235015869135,
              14.74817180633545
            ],
            [
              100.93242645263678,
              14.746599197387695
            ],
            [
              100.93267059326178,
              14.745111465454158
            ],
            [
              100.93360137939459,
              14.743671417236385
            ],
            [
              100.93476867675787,
              14.742909431457576
            ],
            [
              100.93631744384794,
              14.742530822753906
            ],
            [
              100.93695831298845,
              14.74221038818365
            ],
            [
              100.93849945068376,
              14.741580963134822
            ],
            [
              100.93908691406267,
              14.741340637207145
            ],
            [
              100.94126129150402,
              14.74094009399414
            ],
            [
              100.94322967529291,
              14.740390777587947
            ],
            [
              100.94432830810575,
              14.740249633789062
            ],
            [
              100.94528961181669,
              14.740139961242619
            ],
            [
              100.94906616210943,
              14.741799354553223
            ],
            [
              100.95121765136747,
              14.742288589477596
            ],
            [
              100.95259857177751,
              14.744119644165039
            ],
            [
              100.95627593994146,
              14.745300292968807
            ],
            [
              100.95883941650419,
              14.744721412658748
            ],
            [
              100.96212768554688,
              14.745050430297852
            ],
            [
              100.96483612060564,
              14.744759559631404
            ],
            [
              100.96656036376953,
              14.748181343078613
            ],
            [
              100.96759796142607,
              14.750129699706974
            ],
            [
              100.9681930541995,
              14.752059936523438
            ],
            [
              100.970268249512,
              14.753409385681152
            ],
            [
              100.972152709961,
              14.755960464477539
            ],
            [
              100.96559906005876,
              14.760670661926326
            ],
            [
              100.9618682861331,
              14.76494026184082
            ],
            [
              100.95876312255865,
              14.767041206359806
            ],
            [
              100.95699310302751,
              14.772770881652775
            ],
            [
              100.95649719238287,
              14.781060218810978
            ],
            [
              100.95796966552751,
              14.789710998535213
            ],
            [
              100.95999908447294,
              14.79684066772461
            ],
            [
              100.96005249023455,
              14.80303955078125
            ],
            [
              100.95736694335955,
              14.80997085571289
            ],
            [
              100.9560623168947,
              14.818849563598576
            ],
            [
              100.96015167236357,
              14.8268203735351
            ],
            [
              100.96277618408209,
              14.828750610351562
            ],
            [
              100.96768951416033,
              14.830849647521916
            ],
            [
              100.97006225585949,
              14.831649780273438
            ],
            [
              100.97294616699247,
              14.829591751098633
            ],
            [
              100.97634887695318,
              14.82787132263195
            ],
            [
              100.97834014892595,
              14.826661109924487
            ],
            [
              100.98169708251964,
              14.828391075134505
            ],
            [
              100.98551940917997,
              14.829671859741211
            ],
            [
              100.98800659179716,
              14.82826995849615
            ],
            [
              100.99115753173845,
              14.829429626465128
            ],
            [
              100.99369049072271,
              14.829539299011344
            ],
            [
              100.99777984619135,
              14.83148097991949
            ],
            [
              101.00083923339844,
              14.830621719360636
            ],
            [
              101.0024871826173,
              14.828530311584586
            ],
            [
              101.00463867187494,
              14.828071594238338
            ],
            [
              101.00807952880854,
              14.828310966491756
            ],
            [
              101.00888824462908,
              14.825639724731502
            ],
            [
              101.00975799560575,
              14.823309898376749
            ],
            [
              101.01274871826178,
              14.823340415954704
            ],
            [
              101.01528167724638,
              14.821810722351302
            ],
            [
              101.01741790771479,
              14.820590972900504
            ],
            [
              101.01979827880865,
              14.818719863891602
            ],
            [
              101.02300262451189,
              14.814021110534895
            ],
            [
              101.0252761840822,
              14.811470031738509
            ],
            [
              101.0237884521485,
              14.809490203857479
            ],
            [
              101.02691650390653,
              14.808300018310774
            ],
            [
              101.02970886230474,
              14.807001113891715
            ],
            [
              101.03283691406278,
              14.803851127624512
            ],
            [
              101.03447723388678,
              14.802029609680403
            ],
            [
              101.03707885742188,
              14.800359725952376
            ],
            [
              101.04123687744169,
              14.798280715942383
            ],
            [
              101.04367065429693,
              14.795881271362475
            ],
            [
              101.04618072509794,
              14.793460845947322
            ],
            [
              101.04991149902344,
              14.792200088500977
            ],
            [
              101.05191040039091,
              14.79132270812994
            ],
            [
              101.05372619628906,
              14.789699554443473
            ],
            [
              101.0554428100586,
              14.787199974060286
            ],
            [
              101.0561599731447,
              14.785002708435172
            ],
            [
              101.05731201171892,
              14.783110618591252
            ],
            [
              101.060043334961,
              14.782880783081168
            ],
            [
              101.06429290771513,
              14.783069610595703
            ],
            [
              101.06407928466803,
              14.785240173339787
            ],
            [
              101.06333923339855,
              14.787651062011776
            ],
            [
              101.06398010253906,
              14.789910316467342
            ],
            [
              101.06643676757807,
              14.791291236877498
            ],
            [
              101.06923675537115,
              14.791131019592399
            ],
            [
              101.07153320312511,
              14.790930747985783
            ],
            [
              101.07419586181646,
              14.79021072387701
            ],
            [
              101.07321929931646,
              14.792869567871037
            ],
            [
              101.0723419189456,
              14.795269966125431
            ],
            [
              101.0711059570313,
              14.797642707824764
            ],
            [
              101.07061767578153,
              14.800941467285156
            ],
            [
              101.0697021484375,
              14.80442142486578
            ],
            [
              101.06971740722673,
              14.807391166687125
            ],
            [
              101.06948852539057,
              14.809469223022461
            ],
            [
              101.06997680664068,
              14.811800956726188
            ],
            [
              101.07041168212919,
              14.812902450561523
            ],
            [
              101.07095336914068,
              14.813780784607047
            ],
            [
              101.07450103759783,
              14.814011573791618
            ],
            [
              101.07546234130876,
              14.8132705688476
            ],
            [
              101.07637786865234,
              14.811390876770247
            ],
            [
              101.07697296142595,
              14.809749603271428
            ],
            [
              101.07810211181658,
              14.809359550476074
            ],
            [
              101.07894897460943,
              14.809338569641227
            ],
            [
              101.0812377929688,
              14.81146144866949
            ],
            [
              101.0808715820313,
              14.812240600585994
            ],
            [
              101.0803604125976,
              14.813301086425781
            ],
            [
              101.08007049560553,
              14.814221382141113
            ],
            [
              101.07972717285162,
              14.815469741821289
            ],
            [
              101.0803604125976,
              14.81799125671381
            ],
            [
              101.08074188232416,
              14.81871128082281
            ],
            [
              101.08148193359403,
              14.819659233093262
            ],
            [
              101.08200073242193,
              14.820341110229492
            ],
            [
              101.08299255371122,
              14.821518898010254
            ],
            [
              101.08367156982422,
              14.82238960266136
            ],
            [
              101.08454132080107,
              14.823529243469238
            ],
            [
              101.08476257324219,
              14.823860168457259
            ],
            [
              101.08661651611357,
              14.825470924377555
            ],
            [
              101.0877075195313,
              14.826111793518066
            ],
            [
              101.08934783935547,
              14.827830314636174
            ],
            [
              101.09027099609403,
              14.829371452331486
            ],
            [
              101.08998107910162,
              14.830719947814941
            ],
            [
              101.0888290405274,
              14.83203029632574
            ],
            [
              101.08625030517607,
              14.833040237426815
            ],
            [
              101.08489990234403,
              14.833291053772086
            ],
            [
              101.08338165283232,
              14.833481788635368
            ],
            [
              101.0824584960937,
              14.8335800170899
            ],
            [
              101.08181762695318,
              14.833571434021223
            ],
            [
              101.079399108887,
              14.833541870117188
            ],
            [
              101.0772323608399,
              14.833219528198356
            ],
            [
              101.0748519897461,
              14.832051277160758
            ],
            [
              101.07319641113287,
              14.830539703369084
            ],
            [
              101.07057952880871,
              14.82981109619152
            ],
            [
              101.06829071044933,
              14.830810546874943
            ],
            [
              101.06801605224626,
              14.83226108551031
            ],
            [
              101.06781768798845,
              14.83340930938715
            ],
            [
              101.06752777099621,
              14.835062026977482
            ],
            [
              101.06709289550787,
              14.83668041229248
            ],
            [
              101.06713104248053,
              14.838940620422306
            ],
            [
              101.06812286376982,
              14.840171813964787
            ],
            [
              101.06961059570318,
              14.842011451721419
            ],
            [
              101.0707015991211,
              14.842500686645451
            ],
            [
              101.07215118408232,
              14.843132019043196
            ],
            [
              101.07302856445318,
              14.843189239501953
            ],
            [
              101.07328796386747,
              14.843179702759016
            ],
            [
              101.07469177246111,
              14.843010902404899
            ],
            [
              101.07601928710955,
              14.842820167541618
            ],
            [
              101.0772323608399,
              14.847031593322868
            ],
            [
              101.07923126220703,
              14.848340034484863
            ],
            [
              101.08103179931646,
              14.849871635437239
            ],
            [
              101.08326721191423,
              14.849199295043945
            ],
            [
              101.08480072021501,
              14.84785175323492
            ],
            [
              101.0845489501956,
              14.845729827880916
            ],
            [
              101.08336639404308,
              14.84397125244135
            ],
            [
              101.08403778076189,
              14.842969894409123
            ],
            [
              101.08486175537115,
              14.842600822448787
            ],
            [
              101.08658599853521,
              14.844129562377873
            ],
            [
              101.08883666992193,
              14.844660758972168
            ],
            [
              101.09095764160162,
              14.84585952758789
            ],
            [
              101.09068298339844,
              14.848661422729606
            ],
            [
              101.09066009521479,
              14.848861694335994
            ],
            [
              101.09059143066412,
              14.849602699279785
            ],
            [
              101.088920593262,
              14.850591659546012
            ],
            [
              101.08872985839872,
              14.851649284362907
            ],
            [
              101.0885620117187,
              14.852679252624512
            ],
            [
              101.08751678466803,
              14.854461669921818
            ],
            [
              101.08683776855497,
              14.85542106628418
            ],
            [
              101.08590698242188,
              14.85892200469982
            ],
            [
              101.085708618164,
              14.86085033416748
            ],
            [
              101.08570098876947,
              14.861310005187988
            ],
            [
              101.08564758300793,
              14.861540794372559
            ],
            [
              101.08358001709013,
              14.863430023193416
            ],
            [
              101.08254241943365,
              14.86360073089594
            ],
            [
              101.081108093262,
              14.864000320434684
            ],
            [
              101.08039855957048,
              14.86489105224615
            ],
            [
              101.0806503295899,
              14.866050720214957
            ],
            [
              101.08200073242193,
              14.866511344909782
            ],
            [
              101.08352661132818,
              14.866821289062614
            ],
            [
              101.08448028564459,
              14.868211746215934
            ],
            [
              101.08450317382824,
              14.869100570678654
            ],
            [
              101.08367156982422,
              14.870550155639876
            ],
            [
              101.08267974853533,
              14.871650695800781
            ],
            [
              101.08164978027355,
              14.872590065002555
            ],
            [
              101.08068847656261,
              14.873351097106934
            ],
            [
              101.07982635498064,
              14.873929977416992
            ],
            [
              101.078857421875,
              14.87467956542963
            ],
            [
              101.07791900634783,
              14.875349998474178
            ],
            [
              101.07675170898438,
              14.876030921936149
            ],
            [
              101.07537841796903,
              14.877490043640137
            ],
            [
              101.07547760009771,
              14.87836074829113
            ],
            [
              101.07749938964838,
              14.88075160980236
            ],
            [
              101.07991027832037,
              14.881669998168945
            ],
            [
              101.0817031860351,
              14.883239746093864
            ],
            [
              101.08216857910162,
              14.883650779724121
            ],
            [
              101.08396911621122,
              14.88455963134777
            ],
            [
              101.08470916748075,
              14.884889602661133
            ],
            [
              101.08666229248041,
              14.885751724243278
            ],
            [
              101.08761596679682,
              14.886481285095158
            ],
            [
              101.08831024169928,
              14.887721061706486
            ],
            [
              101.0878677368164,
              14.889241218566951
            ],
            [
              101.0892181396485,
              14.89093017578125
            ],
            [
              101.0918197631836,
              14.891061782836971
            ],
            [
              101.09200286865229,
              14.89132022857666
            ],
            [
              101.09239959716797,
              14.893230438232536
            ],
            [
              101.09246063232428,
              14.893519401550293
            ],
            [
              101.0918197631836,
              14.895939826965446
            ],
            [
              101.09207916259771,
              14.89706993103033
            ],
            [
              101.09213256835949,
              14.898241996765137
            ],
            [
              101.09218597412104,
              14.899939537048567
            ],
            [
              101.09223937988298,
              14.900291442871094
            ],
            [
              101.09346008300787,
              14.902489662170467
            ],
            [
              101.09481048583996,
              14.904629707336426
            ],
            [
              101.09668731689459,
              14.90573978424078
            ],
            [
              101.09925842285156,
              14.906351089477653
            ],
            [
              101.10141754150396,
              14.906681060791016
            ],
            [
              101.10160827636724,
              14.906570434570312
            ],
            [
              101.10282897949247,
              14.905961036682243
            ],
            [
              101.10450744628912,
              14.905282020568848
            ],
            [
              101.10585784912115,
              14.905241012573299
            ],
            [
              101.10729980468767,
              14.90559196472168
            ],
            [
              101.10959625244158,
              14.905441284179688
            ],
            [
              101.11251831054693,
              14.904570579528922
            ],
            [
              101.11441802978521,
              14.903079986572266
            ],
            [
              101.11667633056646,
              14.902460098266602
            ],
            [
              101.11881256103521,
              14.903640747070426
            ],
            [
              101.11987304687517,
              14.903020858764762
            ],
            [
              101.12185668945318,
              14.901740074157658
            ],
            [
              101.12317657470709,
              14.901311874389762
            ],
            [
              101.12345886230497,
              14.901229858398438
            ],
            [
              101.12528228759771,
              14.900851249694938
            ],
            [
              101.12564086914068,
              14.900769233703613
            ],
            [
              101.12953186035185,
              14.901810646057129
            ],
            [
              101.13043975830084,
              14.901571273803711
            ],
            [
              101.13179016113287,
              14.90106105804449
            ],
            [
              101.1336517333985,
              14.900559425354231
            ],
            [
              101.1342391967774,
              14.900529861450195
            ],
            [
              101.13562774658214,
              14.900449752807617
            ],
            [
              101.1378784179688,
              14.899581909179915
            ],
            [
              101.13870239257841,
              14.898601531982536
            ],
            [
              101.13979339599615,
              14.897309303283748
            ],
            [
              101.14039611816418,
              14.896869659423942
            ],
            [
              101.14257049560564,
              14.89585113525385
            ],
            [
              101.14295959472673,
              14.89585113525385
            ],
            [
              101.14401245117199,
              14.895680427551326
            ],
            [
              101.14528656005865,
              14.895670890808162
            ],
            [
              101.14710235595732,
              14.895711898803768
            ],
            [
              101.14791107177751,
              14.895721435546875
            ],
            [
              101.14935302734386,
              14.89585113525385
            ],
            [
              101.15177154541021,
              14.895939826965446
            ],
            [
              101.15296173095709,
              14.896000862121582
            ],
            [
              101.15441894531267,
              14.896230697631836
            ],
            [
              101.15624237060575,
              14.897250175476188
            ],
            [
              101.15721130371122,
              14.897860527038574
            ],
            [
              101.15827178955084,
              14.898520469665527
            ],
            [
              101.15946197509777,
              14.899039268493766
            ],
            [
              101.16056060791021,
              14.899370193481445
            ],
            [
              101.16162872314453,
              14.899550437927303
            ],
            [
              101.16259765625017,
              14.899850845336971
            ],
            [
              101.16387939453153,
              14.900270462036246
            ],
            [
              101.1651229858399,
              14.900580406189079
            ],
            [
              101.1659698486331,
              14.900862693786621
            ],
            [
              101.16854095459001,
              14.902891159057617
            ],
            [
              101.16919708251964,
              14.903829574584904
            ],
            [
              101.16995239257824,
              14.904949188232422
            ],
            [
              101.17125701904303,
              14.906570434570312
            ],
            [
              101.17199707031256,
              14.907571792602539
            ],
            [
              101.17434692382824,
              14.909001350402832
            ],
            [
              101.17463684082048,
              14.909449577331657
            ],
            [
              101.17617797851562,
              14.91061973571783
            ],
            [
              101.17684936523466,
              14.911170959472656
            ],
            [
              101.1783294677735,
              14.911989212036133
            ],
            [
              101.17910003662115,
              14.912389755249137
            ],
            [
              101.18058776855474,
              14.913290977478255
            ],
            [
              101.18115997314459,
              14.91344070434576
            ],
            [
              101.1847763061524,
              14.914370536804256
            ],
            [
              101.18572235107428,
              14.914640426635856
            ],
            [
              101.18704986572266,
              14.91502952575695
            ],
            [
              101.18834686279314,
              14.915611267090071
            ],
            [
              101.19050598144537,
              14.916980743408203
            ],
            [
              101.19245147705084,
              14.91840076446556
            ],
            [
              101.194389343262,
              14.91979122161871
            ],
            [
              101.19658660888672,
              14.919680595398177
            ],
            [
              101.20037841796892,
              14.918340682983398
            ],
            [
              101.20285034179705,
              14.918071746826115
            ],
            [
              101.20572662353533,
              14.917279243469295
            ],
            [
              101.21044921874994,
              14.916449546813965
            ],
            [
              101.21296691894548,
              14.917490959167424
            ],
            [
              101.21563720703142,
              14.919061660766658
            ],
            [
              101.2179794311524,
              14.918999671936035
            ],
            [
              101.2202377319336,
              14.918489456176815
            ],
            [
              101.22292327880865,
              14.91941928863531
            ],
            [
              101.224105834961,
              14.919840812683105
            ],
            [
              101.22558593750006,
              14.920431137084961
            ],
            [
              101.22651672363298,
              14.920780181884766
            ],
            [
              101.22895050048822,
              14.922780990600643
            ],
            [
              101.2314529418947,
              14.927129745483398
            ],
            [
              101.2322616577149,
              14.92903041839594
            ],
            [
              101.23301696777344,
              14.931070327758789
            ],
            [
              101.23383331298834,
              14.934251785278263
            ],
            [
              101.23507690429705,
              14.939400672912598
            ],
            [
              101.23702239990234,
              14.93865108489996
            ],
            [
              101.23777008056658,
              14.936418533325252
            ],
            [
              101.23842620849621,
              14.932549476623535
            ],
            [
              101.23925018310541,
              14.93008136749279
            ],
            [
              101.24027252197271,
              14.92712116241455
            ],
            [
              101.24130249023466,
              14.923860549926985
            ],
            [
              101.2423400878908,
              14.920700073242188
            ],
            [
              101.24378204345732,
              14.91771030426031
            ],
            [
              101.24592590332026,
              14.915291786193961
            ],
            [
              101.24645233154325,
              14.915040969848633
            ],
            [
              101.24787139892595,
              14.914329528808707
            ],
            [
              101.24806213378923,
              14.914240837097111
            ],
            [
              101.24871063232428,
              14.91420936584467
            ],
            [
              101.25083160400402,
              14.9147310256958
            ],
            [
              101.25253295898443,
              14.913629531860465
            ],
            [
              101.25296783447294,
              14.91334056854248
            ],
            [
              101.25457000732422,
              14.912579536437931
            ],
            [
              101.25511169433611,
              14.912261009216309
            ],
            [
              101.25710296630865,
              14.911100387573242
            ],
            [
              101.2592315673831,
              14.911569595336914
            ],
            [
              101.26142120361345,
              14.912960052490234
            ],
            [
              101.26390075683611,
              14.91439247131359
            ],
            [
              101.26602172851568,
              14.915941238403263
            ],
            [
              101.26785278320307,
              14.917860031127987
            ],
            [
              101.267631530762,
              14.920021057128963
            ],
            [
              101.26891326904303,
              14.92228031158453
            ],
            [
              101.27153778076189,
              14.924901008606014
            ],
            [
              101.27301788330078,
              14.927001953125
            ],
            [
              101.27433013916044,
              14.92949104309082
            ],
            [
              101.27538299560553,
              14.931711196899528
            ],
            [
              101.27620697021513,
              14.933951377868766
            ],
            [
              101.27713775634771,
              14.93663120269781
            ],
            [
              101.27767944335943,
              14.939299583435172
            ],
            [
              101.27790069580084,
              14.941991806030273
            ],
            [
              101.2786483764649,
              14.944569587707633
            ],
            [
              101.27868652343778,
              14.947160720825309
            ],
            [
              101.2785720825197,
              14.949310302734375
            ],
            [
              101.27883911132818,
              14.952460289001579
            ],
            [
              101.27939605712896,
              14.954800605773983
            ],
            [
              101.279769897461,
              14.957660675049055
            ],
            [
              101.27987670898432,
              14.959700584411735
            ],
            [
              101.2799682617188,
              14.96147155761713
            ],
            [
              101.27996063232428,
              14.963050842285156
            ],
            [
              101.27989959716814,
              14.964721679687443
            ],
            [
              101.27973937988298,
              14.966050148010368
            ],
            [
              101.27941131591803,
              14.967930793762207
            ],
            [
              101.27896881103533,
              14.969949722290039
            ],
            [
              101.28208160400396,
              14.971579551696777
            ],
            [
              101.28376007080084,
              14.972871780395735
            ],
            [
              101.28501129150419,
              14.973401069641227
            ],
            [
              101.2866897583009,
              14.973581314086914
            ],
            [
              101.28810119628923,
              14.973299980163631
            ],
            [
              101.28936767578153,
              14.973011016845646
            ],
            [
              101.29036712646479,
              14.972861289978141
            ],
            [
              101.29167175292997,
              14.972861289978141
            ],
            [
              101.29252624511719,
              14.972848892211971
            ],
            [
              101.29370880126959,
              14.973091125488395
            ],
            [
              101.29441833496111,
              14.973222732543945
            ],
            [
              101.29476165771484,
              14.973261833190975
            ],
            [
              101.29712677001959,
              14.972930908203125
            ],
            [
              101.29837036132807,
              14.97222042083746
            ],
            [
              101.30058288574224,
              14.970951080322266
            ],
            [
              101.30462646484403,
              14.970470428466854
            ],
            [
              101.3052368164062,
              14.970398902893123
            ],
            [
              101.30737304687517,
              14.970780372619686
            ],
            [
              101.30800628662115,
              14.9707612991333
            ],
            [
              101.3098983764649,
              14.971231460571403
            ],
            [
              101.31128692626964,
              14.97183036804222
            ],
            [
              101.31299591064459,
              14.972200393676701
            ],
            [
              101.3151931762697,
              14.972189903259277
            ],
            [
              101.31706237792963,
              14.971931457519645
            ],
            [
              101.31813812255865,
              14.971871376037654
            ],
            [
              101.31861877441423,
              14.971851348877067
            ],
            [
              101.32086181640653,
              14.972140312195052
            ],
            [
              101.32340240478533,
              14.972530364990291
            ],
            [
              101.32531738281267,
              14.972920417785701
            ],
            [
              101.326957702637,
              14.97377014160162
            ],
            [
              101.32792663574247,
              14.97428035736084
            ],
            [
              101.32882690429693,
              14.974580764770565
            ],
            [
              101.32990264892595,
              14.974810600280989
            ],
            [
              101.33082580566423,
              14.975009918212947
            ],
            [
              101.33197784423845,
              14.975280761718807
            ],
            [
              101.33435058593756,
              14.977040290832463
            ],
            [
              101.33413696289068,
              14.979649543762264
            ],
            [
              101.33444213867188,
              14.982271194458121
            ],
            [
              101.33603668212896,
              14.984581947326603
            ],
            [
              101.33670043945341,
              14.986200332641658
            ],
            [
              101.33692932128923,
              14.986970901489315
            ],
            [
              101.337158203125,
              14.987461090088004
            ],
            [
              101.33837127685558,
              14.98865032196045
            ],
            [
              101.33941650390642,
              14.988989830017147
            ],
            [
              101.34033203124994,
              14.989139556884993
            ],
            [
              101.34117889404303,
              14.989281654357967
            ],
            [
              101.34384918212896,
              14.989040374755803
            ],
            [
              101.34601593017607,
              14.989480018615836
            ],
            [
              101.34813690185575,
              14.990450859070052
            ],
            [
              101.34974670410156,
              14.992351531982479
            ],
            [
              101.35000610351574,
              14.994400978088606
            ],
            [
              101.35044097900385,
              14.996370315551871
            ],
            [
              101.35117340087919,
              14.99906063079834
            ],
            [
              101.35048675537126,
              15.00107192993164
            ],
            [
              101.35013580322271,
              15.003410339355582
            ],
            [
              101.34974670410156,
              15.005791664123535
            ],
            [
              101.35034942626959,
              15.008000373840332
            ],
            [
              101.35198211669922,
              15.010081291198787
            ],
            [
              101.3534698486331,
              15.011631011962947
            ],
            [
              101.35498046875028,
              15.013699531555176
            ],
            [
              101.35369873046875,
              15.01555061340332
            ],
            [
              101.35340881347662,
              15.016161918640137
            ],
            [
              101.3524780273438,
              15.018090248108024
            ],
            [
              101.35198974609375,
              15.021250724792424
            ],
            [
              101.35227203369146,
              15.024300575256348
            ],
            [
              101.35282135009771,
              15.026571273803938
            ],
            [
              101.35473632812506,
              15.028120040893612
            ],
            [
              101.35649871826183,
              15.030392646789664
            ],
            [
              101.35801696777355,
              15.032829284667969
            ],
            [
              101.35912322998053,
              15.034610748290959
            ],
            [
              101.36017608642572,
              15.036820411682243
            ],
            [
              101.36078643798845,
              15.039201736450195
            ],
            [
              101.3626785278322,
              15.041061401367188
            ],
            [
              101.36331176757818,
              15.044031143188533
            ],
            [
              101.36428833007818,
              15.04452991485607
            ],
            [
              101.36483764648443,
              15.04480075836193
            ],
            [
              101.36708068847673,
              15.04362964630127
            ],
            [
              101.37203979492205,
              15.04119968414318
            ],
            [
              101.37422943115246,
              15.03949069976818
            ],
            [
              101.37741851806646,
              15.03806018829357
            ],
            [
              101.38053131103527,
              15.037561416626033
            ],
            [
              101.38298797607428,
              15.036740303039494
            ]
          ]
        ]
      }
    }
  ]
}